colour	x	y	PANEL	fill
#F8766D	0.547039768419602	0.629976966107272	1	#F8766D
#F8766D	0.501033841064167	0.490577043884053	1	#F8766D
#F8766D	0.570301192363361	0.469487570672171	1	#F8766D
#F8766D	0.634399338341719	0.464103024320201	1	#F8766D
#F8766D	0.436935695085809	0.418932663256454	1	#F8766D
#F8766D	0.634743952029775	0.358655658260791	1	#F8766D
#F8766D	0.641463918946861	0.419530946184451	1	#F8766D
#F8766D	0.525673719760149	0.505833258547967	1	#F8766D
#F8766D	0.705562064925219	0.416240390080469	1	#F8766D
#F8766D	0.723481976704115	0.504487121959975	1	#F8766D
#F8766D	0.447274105727479	0.473376409704149	1	#F8766D
#F8766D	0.597181060031704	0.39829190224057	1	#F8766D
#F8766D	0.474326280239851	0.764889766370517	1	#F8766D
#F8766D	0.591667241022813	0.504487121959975	1	#F8766D
#F8766D	0.686952925770212	0.533055131771815	1	#F8766D
#F8766D	0.58236267144531	0.474423404828143	1	#F8766D
#00BFC4	0.323213178027431	0.509123814651949	1	#00BFC4
#00BFC4	0.392480529326625	0.359403511920787	1	#00BFC4
#F8766D	0.412812736921911	0.31961769720901	1	#F8766D
#F8766D	0.532565993521263	0.553247180591702	1	#F8766D
#00BFC4	0.58391343304156	0.6070926441114	1	#00BFC4
#F8766D	0.551002825832242	0.485192497532083	1	#F8766D
#F8766D	0.588910331518368	0.515405785395914	1	#F8766D
#F8766D	0.533082914053346	0.510170809775943	1	#F8766D
#F8766D	0.690571369494796	0.665873941787071	1	#F8766D
#F8766D	0.669205320835344	0.555939453767687	1	#F8766D
#F8766D	0.428148046040389	0.511516946363935	1	#F8766D
#F8766D	0.616824040250879	0.48564120972808	1	#F8766D
#F8766D	0.629230133020884	0.303314487421101	1	#F8766D
#F8766D	0.682989868357571	0.534251697627808	1	#F8766D
#F8766D	0.488972361982218	0.755616380986568	1	#F8766D
#F8766D	0.653697704872838	0.50897424391995	1	#F8766D
#F8766D	0.450375628919981	0.750830117562595	1	#F8766D
#F8766D	0.409883520573437	0.706407610158844	1	#F8766D
#F8766D	0.756047970225377	0.503739268299979	1	#F8766D
#F8766D	0.558756633813495	0.485042926800084	1	#F8766D
#00BFC4	0.589599558894479	0.381390409524664	1	#00BFC4
#F8766D	0.700220552760356	0.322908253312992	1	#F8766D
#F8766D	0.728306568336894	0.401283316880553	1	#F8766D
#F8766D	0.348197670411469	0.329938077716952	1	#F8766D
#F8766D	0.454855606864705	0.489081336564061	1	#F8766D
#F8766D	0.631470121993246	0.462607317000209	1	#F8766D
#F8766D	0.538596733062237	0.659891112507105	1	#F8766D
#F8766D	0.577193466124474	0.63925035149122	1	#F8766D
#F8766D	0.475532428148046	0.713287863830806	1	#F8766D
#F8766D	0.665242263422703	0.550106195219719	1	#F8766D
#F8766D	0.586498035701978	0.536196117143797	1	#F8766D
#F8766D	0.660245364945896	0.567456400131622	1	#F8766D
#F8766D	0.481390860844993	0.710894732118819	1	#F8766D
#F8766D	0.573230408711834	0.686365132070956	1	#F8766D
#F8766D	0.612344062306155	0.573439229411589	1	#F8766D
#F8766D	0.563753532290303	0.500747853659996	1	#F8766D
#F8766D	0.540147494658488	0.516602351251907	1	#F8766D
#F8766D	0.49517540836722	0.579122917227557	1	#F8766D
#F8766D	0.657316148597422	0.495363307308026	1	#F8766D
#F8766D	0.657833069129506	0.304511053277095	1	#F8766D
#F8766D	0.707112826521469	0.345942146040863	1	#F8766D
#F8766D	0.388517471913984	0.464850877980197	1	#F8766D
#F8766D	0.392308222482597	0.431047892548386	1	#F8766D
#F8766D	0.667826866083121	0.462009034072213	1	#F8766D
#F8766D	0.283410297056999	0.287160848365192	1	#F8766D
#F8766D	0.439692604590254	0.462756887732209	1	#F8766D
#F8766D	0.547039768419602	0.637904214903228	1	#F8766D
#F8766D	0.705562064925219	0.475171258488139	1	#F8766D
#F8766D	0.601661037976428	0.44824852672829	1	#F8766D
#F8766D	0.630263974085051	0.474273834096144	1	#F8766D
#F8766D	0.727961954648839	0.543225941547758	1	#F8766D
#F8766D	0.694189813219381	0.593780848963475	1	#F8766D
#F8766D	0.262216555241574	0.53739268299979	1	#F8766D
#F8766D	0.691260596870908	0.40173202907655	1	#F8766D
#F8766D	0.284444138121166	0.468889287744174	1	#F8766D
#F8766D	0.49362464677097	0.662284244219091	1	#F8766D
#F8766D	0.292887173478531	0.358805228992791	1	#F8766D
#F8766D	0.670756082431594	0.460962038948219	1	#F8766D
#F8766D	0.679026810944931	0.531858565915821	1	#F8766D
#F8766D	0.493969260459025	0.551601902539711	1	#F8766D
#F8766D	0.653870011716865	0.502393131711987	1	#F8766D
#F8766D	0.314770142670067	0.575234078195579	1	#F8766D
#F8766D	0.281687228616721	0.608289209967394	1	#F8766D
#F8766D	0.360431456337446	0.407714858356517	1	#F8766D
#F8766D	0.65748845544145	0.421624936432439	1	#F8766D
#F8766D	0.454510993176649	0.492671034132041	1	#F8766D
#F8766D	0.594768764215315	0.516602351251907	1	#F8766D
#F8766D	0.481390860844993	0.666322653983069	1	#F8766D
#F8766D	0.46881246123096	0.386027102216638	1	#F8766D
#F8766D	0.629402439864911	0.524679170779862	1	#F8766D
#F8766D	0.194499965538631	0.440769990128332	1	#F8766D
#F8766D	0.194672272382659	0.509871668311945	1	#F8766D
#F8766D	0.364222206906058	0.432244458404379	1	#F8766D
#F8766D	0.695395961127576	0.269810643453289	1	#F8766D
#F8766D	0.611827141774071	0.618160878279338	1	#F8766D
#F8766D	0.299434833551589	0.5	1	#F8766D
#F8766D	0.556688951685161	0.698330790630889	1	#F8766D
#F8766D	0.616996347094907	0.635211941727243	1	#F8766D
#F8766D	0.576848852436419	0.624891561219301	1	#F8766D
#F8766D	0.251016610379764	0.652263005175147	1	#F8766D
#F8766D	0.306154800468675	0.517499775643902	1	#F8766D
#F8766D	0.415569646426356	0.42312064375243	1	#F8766D
#F8766D	0.467434006478737	0.460214185288223	1	#F8766D
#F8766D	0.543765938383073	0.488333482904065	1	#F8766D
#F8766D	0.565821214418637	0.530662000059828	1	#F8766D
#F8766D	0.553932042180715	0.595276556283466	1	#F8766D
#F8766D	0.275656489075746	0.384381824164647	1	#F8766D
#F8766D	0.386966710317734	0.447500673068294	1	#F8766D
#F8766D	0.586498035701978	0.821577073798199	1	#F8766D
#F8766D	0.52636294713626	0.528717580543839	1	#F8766D
#F8766D	0.488627748294162	0.478013102396123	1	#F8766D
#F8766D	0.664553036046592	0.425812916928415	1	#F8766D
#F8766D	0.156937073540561	0.461709892608214	1	#F8766D
#F8766D	0.792749328003308	0.405770438840528	1	#F8766D
#F8766D	0.427975739196361	0.268015794669299	1	#F8766D
#F8766D	0.371631401199256	0.39829190224057	1	#F8766D
#F8766D	0.35284995520022	0.45168865356427	1	#F8766D
#F8766D	0.314942449514095	0.440620419396332	1	#F8766D
#F8766D	0.38248673237301	0.471581560920159	1	#F8766D
#F8766D	0.598387207939899	0.575084507463579	1	#F8766D
#F8766D	0.430560341856779	0.64104520027521	1	#F8766D
#F8766D	0.621820938727686	0.669314068623052	1	#F8766D
#F8766D	0.379557516024537	0.543525083011756	1	#F8766D
#F8766D	0.424357295471776	0.552349756199707	1	#F8766D
#F8766D	0.665931490798815	0.448996380388286	1	#F8766D
#F8766D	0.663002274450341	0.56252056597565	1	#F8766D
#F8766D	0.636983941002137	0.635810224655239	1	#F8766D
#F8766D	0.590633399958646	0.597669687995453	1	#F8766D
#F8766D	0.680922186229237	0.495512878040025	1	#F8766D
#F8766D	0.603211799572679	0.535597834215801	1	#F8766D
#F8766D	0.535495209869736	0.497906009752012	1	#F8766D
#F8766D	0.395409745675098	0.387223668072631	1	#F8766D
#F8766D	0.747604934868013	0.452137365760268	1	#F8766D
#F8766D	0.635260872561858	0.406667863232523	1	#F8766D
#F8766D	0.718485078227307	0.328292799664961	1	#F8766D
#F8766D	0.647839272175891	0.515106643931915	1	#F8766D
#F8766D	0.642842373699083	0.357608663136797	1	#F8766D
#F8766D	0.548418223171824	0.526025307367854	1	#F8766D
#F8766D	0.644393135295334	0.384381824164647	1	#F8766D
#F8766D	0.755875663381349	0.414744682760477	1	#F8766D
#F8766D	0.40402508787649	0.401582458344551	1	#F8766D
#F8766D	0.564442759666414	0.530213287863831	1	#F8766D
#F8766D	0.662829967606313	0.529315863471836	1	#F8766D
#F8766D	0.587187263078089	0.461111609680218	1	#F8766D
#F8766D	0.527741401888483	0.449744234048281	1	#F8766D
#F8766D	0.396443586739265	0.460513326752221	1	#F8766D
#F8766D	0.561858157005996	0.497606868288013	1	#F8766D
#F8766D	0.402129712592184	0.547862634239732	1	#F8766D
#F8766D	0.55513819008891	0.549059200095725	1	#F8766D
#F8766D	0.642497760011028	0.402479882736546	1	#F8766D
#F8766D	0.280825694396581	0.437030721828353	1	#F8766D
#F8766D	0.542732097318905	0.538589248855784	1	#F8766D
#F8766D	0.647666965331863	0.434039307188369	1	#F8766D
#F8766D	0.553070507960576	0.45707319991624	1	#F8766D
#F8766D	0.635260872561858	0.498504292680008	1	#F8766D
#F8766D	0.438314149838032	0.820679649406204	1	#F8766D
#F8766D	0.485526225101661	0.490726614616052	1	#F8766D
#F8766D	0.450547935764009	0.693694097938915	1	#F8766D
#F8766D	0.525846026604177	0.522286039067875	1	#F8766D
#F8766D	0.727961954648839	0.530811570791827	1	#F8766D
#F8766D	0.642670066855055	0.811256693290257	1	#F8766D
#F8766D	0.60476256116893	0.737667893146669	1	#F8766D
#F8766D	0.56875043076711	0.546217356187741	1	#F8766D
#F8766D	0.691605210558963	0.321711687456998	1	#F8766D
#F8766D	0.702977462264801	0.461111609680218	1	#F8766D
#F8766D	0.699531325384244	0.357010380208801	1	#F8766D
#F8766D	0.534289061961541	0.606943073379401	1	#F8766D
#F8766D	0.609242539113654	0.629229112447276	1	#F8766D
#F8766D	0.600454890068234	0.761748780998534	1	#F8766D
#F8766D	0.613894823902405	0.787774088366388	1	#F8766D
#F8766D	0.56237507753808	0.483696790212091	1	#F8766D
#F8766D	0.495347715211248	0.598716683119447	1	#F8766D
#F8766D	0.600971810600317	0.464103024320201	1	#F8766D
#F8766D	0.594941071059342	0.576580214783571	1	#F8766D
#F8766D	0.666620718174926	0.533802985431811	1	#F8766D
#F8766D	0.627334757736577	0.53754225373179	1	#F8766D
#F8766D	0.736577296850231	0.392309072960603	1	#F8766D
#F8766D	0.710731270246054	0.501196565855993	1	#F8766D
#F8766D	0.552553587428493	0.74454814681863	1	#F8766D
#F8766D	0.664380729202564	0.543076370815759	1	#F8766D
#F8766D	0.634054724653663	0.33577133626492	1	#F8766D
#F8766D	0.727789647804811	0.563118848903646	1	#F8766D
#F8766D	0.175546212695568	0.553995034251697	1	#F8766D
#F8766D	0.332000827072851	0.405172155912531	1	#F8766D
#F8766D	0.581845750913226	0.593780848963475	1	#F8766D
#F8766D	0.88217658005376	0.501346136587992	1	#F8766D
#F8766D	0.77345096147219	0.496111160968022	1	#F8766D
#F8766D	0.707457440209525	0.701920488198869	1	#F8766D
#F8766D	0.670756082431594	0.543076370815759	1	#F8766D
#F8766D	0.632503963057413	0.553845463519698	1	#F8766D
#F8766D	0.559101247501551	0.508226390259954	1	#F8766D
#F8766D	0.719174305603419	0.458120195040234	1	#F8766D
#F8766D	0.696429802191743	0.466496156032188	1	#F8766D
#F8766D	0.551347439520298	0.478461814592121	1	#F8766D
#F8766D	0.44486180991109	0.518995482963894	1	#F8766D
#F8766D	0.328726997036322	0.422971073020431	1	#F8766D
#F8766D	0.330622372320629	0.590490292859493	1	#F8766D
#F8766D	0.355779171548694	0.50358969756798	1	#F8766D
#F8766D	0.379212902336481	0.392608214424601	1	#F8766D
#F8766D	0.542732097318905	0.819931795746208	1	#F8766D
#F8766D	0.762767937142463	0.581216907475545	1	#F8766D
#F8766D	0.190364601281963	0.390663794908612	1	#F8766D
#F8766D	0.295471776138948	0.53395255616381	1	#F8766D
#F8766D	0.558928940657523	0.557883873283676	1	#F8766D
#F8766D	0.253428906196154	0.398890185168566	1	#F8766D
#F8766D	0.676614515128541	0.612776331927368	1	#F8766D
#F8766D	0.586153422013922	0.515555356127913	1	#F8766D
#F8766D	0.664036115514508	0.402928594932544	1	#F8766D
#F8766D	0.616824040250879	0.606494361183403	1	#F8766D
#F8766D	0.533255220897374	0.346689999700858	1	#F8766D
#F8766D	0.326142394375905	0.32500224356098	1	#F8766D
#F8766D	0.561168929629885	0.607391785575399	1	#F8766D
#F8766D	0.545144393135295	0.39455263394059	1	#F8766D
#F8766D	0.514301468054311	0.508226390259954	1	#F8766D
#F8766D	0.516196843338617	0.492371892668043	1	#F8766D
#F8766D	0.548590530015852	0.635511083191241	1	#F8766D
#F8766D	0.669205320835344	0.481453229232104	1	#F8766D
#F8766D	0.675752980908402	0.356262526548805	1	#F8766D
#F8766D	0.628885519332828	0.55534117083969	1	#F8766D
#F8766D	0.307705562064925	0.652562146639145	1	#F8766D
#F8766D	0.517919911778896	0.495064165844028	1	#F8766D
#F8766D	0.643531601075195	0.503140985371982	1	#F8766D
#F8766D	0.643359294231167	0.462308175536211	1	#F8766D
#F8766D	0.5136122406782	0.55534117083969	1	#F8766D
#F8766D	0.518092218622924	0.6606389661671	1	#F8766D
#F8766D	0.470535529671239	0.550704478147716	1	#F8766D
#F8766D	0.538596733062237	0.504636692691974	1	#F8766D
#F8766D	0.549968984768075	0.737967034610667	1	#F8766D
#F8766D	0.533944448273485	0.671258488139041	1	#F8766D
#F8766D	0.287717968157695	0.655104849083131	1	#F8766D
#F8766D	0.580984216693087	0.577776780639564	1	#F8766D
#F8766D	0.504307671100696	0.611280624607377	1	#F8766D
#F8766D	0.771555586187883	0.59108857578749	1	#F8766D
#00BFC4	0.677303742504652	0.624741990487301	1	#00BFC4
#F8766D	0.616996347094907	0.506581112207963	1	#F8766D
#F8766D	0.748811082776208	0.640297346615214	1	#F8766D
#F8766D	0.491040044110552	0.549807053755721	1	#F8766D
#F8766D	0.615617892342684	0.550854048879715	1	#F8766D
#F8766D	0.782583224205665	0.388719375392623	1	#F8766D
#F8766D	0.561341236473913	0.362993209488767	1	#F8766D
#F8766D	0.71262664553036	0.615019892907356	1	#F8766D
#F8766D	0.327003928596044	0.494017170720033	1	#F8766D
#F8766D	0.599248742160039	0.520042478087888	1	#F8766D
#F8766D	0.622165552415742	0.424466780340423	1	#F8766D
#F8766D	0.683679095733683	0.545319931795746	1	#F8766D
#F8766D	0.546695154731546	0.4107062729965	1	#F8766D
#F8766D	0.646116203735612	0.408013999820515	1	#F8766D
#F8766D	0.301502515679923	0.292545394717162	1	#F8766D
#F8766D	0.787407815838445	0.411603697388495	1	#F8766D
#F8766D	0.619753256599352	0.552499326931706	1	#F8766D
#F8766D	0.642497760011028	0.553995034251697	1	#F8766D
#F8766D	0.626817837204494	0.448547668192288	1	#F8766D
#00BFC4	0.35526225101661	0.404723443716533	1	#00BFC4
#F8766D	0.607519470673375	0.451987795028269	1	#F8766D
#F8766D	0.612344062306155	0.664079093003081	1	#F8766D
#F8766D	0.482941622441243	0.638053785635227	1	#F8766D
#F8766D	0.660762285477979	0.47322683897215	1	#F8766D
#F8766D	0.629057826176856	0.466346585300188	1	#F8766D
#F8766D	0.596319525811565	0.745595141942625	1	#F8766D
#F8766D	0.565131987042525	0.50179484878399	1	#F8766D
#F8766D	0.639740850506582	0.39470220467259	1	#F8766D
#F8766D	0.695568267971604	0.343399443596877	1	#F8766D
#F8766D	0.623544007167965	0.4820515121601	1	#F8766D
#F8766D	0.529809084016817	0.513162224415926	1	#F8766D
#F8766D	0.637156247846164	0.59108857578749	1	#F8766D
#F8766D	0.236715142325453	0.456923629184241	1	#F8766D
#F8766D	0.331656213384796	0.570746956235604	1	#F8766D
#F8766D	0.376628299676063	0.336967902120913	1	#F8766D
#F8766D	0.416258873802467	0.527072302491848	1	#F8766D
#F8766D	0.396788200427321	0.430000897424392	1	#F8766D
#F8766D	0.587876490454201	0.342950731400879	1	#F8766D
#F8766D	0.528602936108622	0.541431092763768	1	#F8766D
#F8766D	0.29529946929492	0.40352687786054	1	#F8766D
#F8766D	0.264456544213936	0.508824673187951	1	#F8766D
#F8766D	0.257391963608795	0.507478536599958	1	#F8766D
#F8766D	0.42642497760011	0.335472194800921	1	#F8766D
#F8766D	0.486904679853884	0.622199288043316	1	#F8766D
#F8766D	0.770004824591633	0.474423404828143	1	#F8766D
#F8766D	0.393342063546764	0.405920009572527	1	#F8766D
#F8766D	0.709697429181887	0.504786263423973	1	#F8766D
#F8766D	0.443311048314839	0.48923090729606	1	#F8766D
#F8766D	0.363877593218003	0.42685991205241	1	#F8766D
#F8766D	0.40006203046385	0.327694516736965	1	#F8766D
#F8766D	0.326831621752016	0.428654760836399	1	#F8766D
#F8766D	0.628368598800744	0.524080887851865	1	#F8766D
#F8766D	0.243090495554483	0.539486673247779	1	#F8766D
#F8766D	0.253945826728238	0.612178048999372	1	#F8766D
#F8766D	0.715211248190778	0.603951658739418	1	#F8766D
#F8766D	0.335791577641464	0.455128780400251	1	#F8766D
#F8766D	0.380591357088704	0.422522360824434	1	#F8766D
#F8766D	0.714349713970639	0.495363307308026	1	#F8766D
#F8766D	0.585981115169894	0.683224146698974	1	#F8766D
#F8766D	0.375939072299952	0.386027102216638	1	#F8766D
#F8766D	0.638879316286443	0.560127434263663	1	#F8766D
#F8766D	0.632331656213385	0.52318346345987	1	#F8766D
#F8766D	0.772244813563995	0.502841843907984	1	#F8766D
#F8766D	0.369908332758977	0.389915941248616	1	#F8766D
#F8766D	0.649217726928114	0.547114780579736	1	#F8766D
#F8766D	0.212592184161555	0.538140536659786	1	#F8766D
#F8766D	0.39609897305121	0.400385892488558	1	#F8766D
#F8766D	0.790681645874974	0.632519668551258	1	#F8766D
#F8766D	0.386277482941622	0.372117024140716	1	#F8766D
#00BFC4	0.773795575160245	0.463504741392204	1	#00BFC4
#F8766D	0.630608587773106	0.364788058272757	1	#F8766D
#F8766D	0.642325453167	0.744249005354632	1	#F8766D
#F8766D	0.277379557516024	0.532606419575817	1	#F8766D
#F8766D	0.657660762285478	0.453184360884262	1	#F8766D
#F8766D	0.239816665517954	0.519892907355889	1	#F8766D
#F8766D	0.716762009787029	0.320066409405008	1	#F8766D
#F8766D	0.683506788889655	0.479807951180113	1	#F8766D
#F8766D	0.917154869391412	0.439124712076341	1	#F8766D
#F8766D	0.802915431800951	0.645681892967184	1	#F8766D
#F8766D	0.387139017161762	0.364040204612761	1	#F8766D
#F8766D	0.401095871528017	0.415043824224476	1	#F8766D
#F8766D	0.445378730443173	0.368377755840737	1	#F8766D
#F8766D	0.390412847198291	0.326946663076969	1	#F8766D
#F8766D	0.377834447584258	0.42491549253642	1	#F8766D
#F8766D	0.624922461920188	0.670510634479045	1	#F8766D
#F8766D	0.181749259080571	0.404723443716533	1	#F8766D
#F8766D	0.651457715900476	0.597819258727452	1	#F8766D
#F8766D	0.554965883244882	0.416389960812468	1	#F8766D
#F8766D	0.385760562409539	0.576580214783571	1	#F8766D
#F8766D	0.359569922117306	0.46245774626821	1	#F8766D
#F8766D	0.713660486594528	0.576580214783571	1	#F8766D
#F8766D	0.653697704872838	0.471880702384157	1	#F8766D
#F8766D	0.194672272382659	0.485491638996081	1	#F8766D
#F8766D	0.30891170997312	0.444509258428311	1	#F8766D
#F8766D	0.659211523881729	0.484444643872087	1	#F8766D
#F8766D	0.56478737335447	0.5714948098956	1	#F8766D
#F8766D	0.342166930870494	0.418483951060456	1	#F8766D
#00BFC4	0.232579778068785	0.562071853779652	1	#00BFC4
#F8766D	0.260321179957268	0.476966107272129	1	#F8766D
#F8766D	0.25377351988421	0.422372790092435	1	#F8766D
#F8766D	0.507064580605142	0.526474019563852	1	#F8766D
#F8766D	0.692294437935075	0.460214185288223	1	#F8766D
#F8766D	0.345268454062995	0.298079511801131	1	#F8766D
#F8766D	0.447101798883452	0.4820515121601	1	#F8766D
#F8766D	0.655593080157144	0.552349756199707	1	#F8766D
#00BFC4	0.397305120959404	0.46963714140417	1	#00BFC4
#F8766D	0.39127438141843	0.453782643812259	1	#F8766D
#F8766D	0.26256116892963	0.376305004636693	1	#F8766D
#F8766D	0.309945551037287	0.475320829220138	1	#F8766D
#F8766D	0.559618168033634	0.861961171437973	1	#F8766D
#00BFC4	0.435040319801502	0.209384067725627	1	#00BFC4
#F8766D	0.664036115514508	0.619507014867331	1	#F8766D
#00BFC4	0.296505617203115	0.60170809775943	1	#00BFC4
#00BFC4	0.513784547522228	0.372864877800712	1	#00BFC4
#F8766D	0.715383555034806	0.476218253612133	1	#F8766D
#F8766D	0.248259700875319	0.378099853420683	1	#F8766D
#F8766D	0.333379281825074	0.592733853839481	1	#F8766D
#F8766D	0.395409745675098	0.524828741511861	1	#F8766D
#F8766D	0.486215452477772	0.792111639594364	1	#F8766D
#F8766D	0.459507891653457	0.27848574590924	1	#F8766D
#F8766D	0.408160452133159	0.438227287684346	1	#F8766D
#F8766D	0.413329657453994	0.360300936312782	1	#F8766D
#F8766D	0.494830794679165	0.621152292919321	1	#F8766D
#F8766D	0.650940795368392	0.516602351251907	1	#F8766D
#F8766D	0.550658212144186	0.813500254270244	1	#F8766D
#F8766D	0.372148321731339	0.328143228932962	1	#F8766D
#F8766D	0.637673168378248	0.49102575608005	1	#F8766D
#F8766D	0.276690330139913	0.359553082652786	1	#F8766D
#F8766D	0.630780894617134	0.48399593167609	1	#F8766D
#F8766D	0.641119305258805	0.552050614735708	1	#F8766D
#F8766D	0.385760562409539	0.508226390259954	1	#F8766D
#F8766D	0.641636225790888	0.531110712255826	1	#F8766D
#F8766D	0.486732373009856	0.641643483203207	1	#F8766D
#F8766D	0.433834171893308	0.795701337162344	1	#F8766D
#F8766D	0.561858157005996	0.57672978551557	1	#F8766D
#F8766D	0.509649183265559	0.257396272697359	1	#F8766D
#F8766D	0.376800606520091	0.530811570791827	1	#F8766D
#F8766D	0.425391136535943	0.413398546172485	1	#F8766D
#F8766D	0.37369908332759	0.481303658500105	1	#F8766D
#F8766D	0.133503342752774	0.586302312363517	1	#F8766D
#F8766D	0.354745330484527	0.355813814352807	1	#F8766D
#F8766D	0.725205045144393	0.430150468156391	1	#F8766D
#F8766D	0.776552484664691	0.381539980256663	1	#F8766D
#F8766D	0.546867461575574	0.42312064375243	1	#F8766D
#F8766D	0.574436556620029	0.454231356008256	1	#F8766D
#F8766D	0.452615617892343	0.387373238804631	1	#F8766D
#F8766D	0.667137638707009	0.468739717012175	1	#F8766D
#F8766D	0.697980563787994	0.442116126716324	1	#F8766D
#F8766D	0.438486456682059	0.444060546232313	1	#F8766D
#F8766D	0.443483355158867	0.648673307607167	1	#F8766D
#F8766D	0.416431180646495	0.33756618504891	1	#F8766D
#F8766D	0.6559376938452	0.497307726824015	1	#F8766D
#F8766D	0.694879040595493	0.594827844087469	1	#F8766D
#F8766D	0.229995175408367	0.528418439079841	1	#F8766D
#F8766D	0.626645530360466	0.528717580543839	1	#F8766D
#F8766D	0.268247294782549	0.567157258667624	1	#F8766D
#F8766D	0.678854504100903	0.430599180352389	1	#F8766D
#F8766D	0.746054173271762	0.459466331628227	1	#F8766D
#F8766D	0.396960507271349	0.538738819587783	1	#F8766D
#F8766D	0.64628851057964	0.485940351192079	1	#F8766D
#F8766D	0.363016058997863	0.377351999760687	1	#F8766D
#F8766D	0.465194017506375	0.446603248676299	1	#F8766D
#F8766D	0.325453166999793	0.444808399892309	1	#F8766D
#F8766D	0.289613343442001	0.397992760776571	1	#F8766D
#F8766D	0.742780343235233	0.360300936312782	1	#F8766D
#F8766D	0.542042869942794	0.475470399952137	1	#F8766D
#F8766D	0.65266386380867	0.636558078315235	1	#F8766D
#F8766D	0.557895099593356	0.621002722187322	1	#F8766D
#F8766D	0.500172306844028	0.260387687337342	1	#F8766D
#F8766D	0.430388035012751	0.439573424272338	1	#F8766D
#F8766D	0.35526225101661	0.381839121720662	1	#F8766D
#F8766D	0.359914535805362	0.251563014149391	1	#F8766D
#F8766D	0.407643531601075	0.532008136647821	1	#F8766D
#F8766D	0.509132262733476	0.48040623410811	1	#F8766D
#F8766D	0.376628299676063	0.479658380448114	1	#F8766D
#F8766D	0.586153422013922	0.637605073439229	1	#F8766D
#F8766D	0.654903852781032	0.507777678063956	1	#F8766D
#F8766D	0.674029912468123	0.301519638637111	1	#F8766D
#F8766D	0.607864084361431	0.502692273175985	1	#F8766D
#F8766D	0.548245916327797	0.549657483023722	2	#F8766D
#00BFC4	0.576331931904335	0.511217804899937	2	#00BFC4
#00BFC4	0.467778620166793	0.808414849382273	2	#00BFC4
#00BFC4	0.629230133020884	0.619806156331329	2	#00BFC4
#F8766D	0.410745054793576	0.667668790571061	2	#F8766D
#00BFC4	0.627851678268661	0.60170809775943	2	#00BFC4
#00BFC4	0.431077262388862	0.397544048580574	2	#00BFC4
#F8766D	0.607174856985319	0.606494361183403	2	#F8766D
#F8766D	0.443311048314839	0.576430644051572	2	#F8766D
#00BFC4	0.534461368805569	0.629976966107272	2	#00BFC4
#F8766D	0.572541181335723	0.654506566155135	2	#F8766D
#F8766D	0.616996347094907	0.56790511232762	2	#F8766D
#00BFC4	0.585119580949755	0.588097161147507	2	#00BFC4
#00BFC4	0.701599007512578	0.790915073738371	2	#00BFC4
#00BFC4	0.598387207939899	0.569251248915612	2	#00BFC4
#F8766D	0.6151009718106	0.632370097819259	2	#F8766D
#00BFC4	0.598214901095871	0.688608693050944	2	#00BFC4
#F8766D	0.500861534220139	0.437629004756349	2	#F8766D
#00BFC4	0.485009304569577	0.381988692452661	2	#00BFC4
#00BFC4	0.270659590598939	0.43030003888839	2	#00BFC4
#F8766D	0.577021159280447	0.373612731460708	2	#F8766D
#00BFC4	0.259804259425184	0.40173202907655	2	#00BFC4
#00BFC4	0.193983045006548	0.645681892967184	2	#00BFC4
#F8766D	0.640774691570749	0.425513775464417	2	#F8766D
#00BFC4	0.540319801502516	0.689356546710939	2	#00BFC4
#00BFC4	0.364394513750086	0.506581112207963	2	#00BFC4
#F8766D	0.603039492728651	0.486837775584074	2	#F8766D
#00BFC4	0.289613343442001	0.462906458464208	2	#00BFC4
#00BFC4	0.569956578675305	0.714783571150797	2	#00BFC4
#F8766D	0.590116479426563	0.494166741452033	2	#F8766D
#00BFC4	0.620614790819491	0.48040623410811	2	#00BFC4
#00BFC4	0.451064856296092	0.563866702563642	2	#00BFC4
#F8766D	0.644565442139362	0.459167190164229	2	#F8766D
#00BFC4	0.227582879591977	0.481154087768105	2	#00BFC4
#F8766D	0.505858432696947	0.581964761135541	2	#F8766D
#00BFC4	0.467434006478737	0.463504741392204	2	#00BFC4
#F8766D	0.690743676338824	0.548012204971731	2	#F8766D
#00BFC4	0.467434006478737	0.600062819707439	2	#00BFC4
#F8766D	0.593218002619064	0.53933710251578	2	#F8766D
#00BFC4	0.302708663588118	0.616964312423345	2	#00BFC4
#00BFC4	0.274967261699635	0.550554907415717	2	#00BFC4
#F8766D	0.614756358122545	0.513012653683927	2	#F8766D
#00BFC4	0.550658212144186	0.547114780579736	2	#00BFC4
#F8766D	0.521882969191536	0.655254419815131	2	#F8766D
#F8766D	0.444344889379006	0.611280624607377	2	#F8766D
#00BFC4	0.457957130057206	0.471880702384157	2	#00BFC4
#00BFC4	0.356985319456889	0.839824703102097	2	#00BFC4
#00BFC4	0.702460541732718	0.390514224176613	2	#00BFC4
#F8766D	0.672134537183817	0.491624039008047	2	#F8766D
#F8766D	0.532049072989179	0.544272936671752	2	#F8766D
#F8766D	0.497070783651527	0.521239043943881	2	#F8766D
#00BFC4	0.361292990557585	0.432394029136379	2	#00BFC4
#00BFC4	0.559618168033634	0.463355170660205	2	#00BFC4
#F8766D	0.530326004548901	0.501944419515989	2	#F8766D
#00BFC4	0.418843476462885	0.42147536570044	2	#00BFC4
#00BFC4	0.207767592528775	0.504337551227976	2	#00BFC4
#00BFC4	0.622165552415742	0.546965209847737	2	#00BFC4
#00BFC4	0.286856433937556	0.412650692512489	2	#00BFC4
#00BFC4	0.440381831966366	0.662134673487092	2	#00BFC4
#00BFC4	0.220862912674891	0.47502168775614	2	#00BFC4
#00BFC4	0.348714590943552	0.581366478207544	2	#00BFC4
#00BFC4	0.636467020470053	0.456325346256245	2	#00BFC4
#00BFC4	0.537907505686126	0.665724371055072	2	#00BFC4
#00BFC4	0.260493486801296	0.664378234467079	2	#00BFC4
#00BFC4	0.502239988972362	0.396048341260582	2	#00BFC4
#00BFC4	0.369908332758977	0.475619970684136	2	#00BFC4
#00BFC4	0.376800606520091	0.552499326931706	2	#00BFC4
#00BFC4	0.525501412916121	0.635810224655239	2	#00BFC4
#00BFC4	0.581501137225171	0.603652517275419	2	#00BFC4
#00BFC4	0.317182438486457	0.339510604564899	2	#00BFC4
#F8766D	0.329588531256461	0.445257112088307	2	#F8766D
#00BFC4	0.535839823557792	0.597220975799456	2	#00BFC4
#00BFC4	0.457957130057206	0.61606688803135	2	#00BFC4
#00BFC4	0.423668068095665	0.386924526608633	2	#00BFC4
#00BFC4	0.568233510235027	0.59288342457148	2	#00BFC4
#00BFC4	0.511544558549866	0.584956175775524	2	#00BFC4
#00BFC4	0.252567371976015	0.435385443776362	2	#00BFC4
#00BFC4	0.671789923495761	0.527969726883843	2	#00BFC4
#00BFC4	0.5439382452271	0.512563941487929	2	#00BFC4
#00BFC4	0.424529602315804	0.578823775763558	2	#00BFC4
#00BFC4	0.364739127438142	0.522286039067875	2	#00BFC4
#00BFC4	0.49121235095458	0.796150049358342	2	#00BFC4
#00BFC4	0.710386656557998	0.500598282927996	2	#00BFC4
#00BFC4	0.399717416775794	0.440620419396332	2	#00BFC4
#00BFC4	0.585808808325867	0.537990965927787	2	#00BFC4
#F8766D	0.282893376524916	0.330835502108947	2	#F8766D
#00BFC4	0.61751326762699	0.415043824224476	2	#00BFC4
#00BFC4	0.587187263078089	0.722860390678752	2	#00BFC4
#00BFC4	0.385760562409539	0.368826468036735	2	#00BFC4
#00BFC4	0.622854779791853	0.482948936552095	2	#00BFC4
#F8766D	0.458990971121373	0.518995482963894	2	#F8766D
#00BFC4	0.0900820180577572	0.558332585479673	2	#00BFC4
#F8766D	0.320800882211041	0.713886146758802	2	#F8766D
#00BFC4	0.207078365152664	0.598417541655449	2	#00BFC4
#00BFC4	0.470535529671239	0.504487121959975	2	#00BFC4
#00BFC4	0.526018333448204	0.597220975799456	2	#00BFC4
#00BFC4	0.559101247501551	0.533653414699811	2	#00BFC4
#00BFC4	0.327176235440072	0.518696341499895	2	#00BFC4
#00BFC4	0.314253222137983	0.417586526668461	2	#00BFC4
#F8766D	0.608381004893514	0.56611026354363	2	#F8766D
#00BFC4	0.451754083672203	0.59288342457148	2	#00BFC4
#00BFC4	0.577021159280447	0.579272487959556	2	#00BFC4
#F8766D	0.602867185884623	0.554593317179694	2	#F8766D
#00BFC4	0.221896753739058	0.567007687935625	2	#00BFC4
#F8766D	0.252567371976015	0.522286039067875	2	#F8766D
#F8766D	0.624405541388104	0.516303209787909	2	#F8766D
#00BFC4	0.394031290922875	0.390813365640611	2	#00BFC4
#F8766D	0.847370597560135	0.482500224356098	2	#F8766D
#F8766D	0.535495209869736	0.480107092644111	2	#F8766D
#F8766D	0.580294989316976	0.649421161267163	2	#F8766D
#F8766D	0.569611964987249	0.449594663316282	2	#F8766D
#F8766D	0.440898752498449	0.730039785814712	2	#F8766D
#F8766D	0.52239988972362	0.567157258667624	2	#F8766D
#00BFC4	0.607864084361431	0.522585180531873	2	#00BFC4
#00BFC4	0.599076435316011	0.523781746387867	2	#00BFC4
#F8766D	0.635433179405886	0.444060546232313	2	#F8766D
#F8766D	0.510683024329726	0.642391336863202	2	#F8766D
#00BFC4	0.531359845613068	0.686065990606958	2	#00BFC4
#00BFC4	0.326831621752016	0.54098238056777	2	#00BFC4
#F8766D	0.566165828106692	0.616665170959347	2	#F8766D
#00BFC4	0.352677648356193	0.474124263364145	2	#00BFC4
#00BFC4	0.573919636087945	0.621750575847318	2	#00BFC4
#00BFC4	0.386105176097595	0.679185736934996	2	#00BFC4
#00BFC4	0.414018884830105	0.605596936791408	2	#00BFC4
#00BFC4	0.268074987938521	0.514508361003919	2	#00BFC4
#F8766D	0.453477152112482	0.546815639115738	2	#F8766D
#00BFC4	0.649390033772141	0.503888839031978	2	#00BFC4
#00BFC4	0.176752360603763	0.533204702503814	2	#00BFC4
#00BFC4	0.379729822868564	0.722112537018756	2	#00BFC4
#00BFC4	0.267213453718382	0.559678722067666	2	#00BFC4
#00BFC4	0.436246467709697	0.458269765772234	2	#00BFC4
#00BFC4	0.450547935764009	0.443761404768315	2	#00BFC4
#00BFC4	0.652836170652698	0.617413024619342	2	#00BFC4
#00BFC4	0.37524984492384	0.446752819408298	2	#00BFC4
#00BFC4	0.499138465779861	0.495961590236023	2	#00BFC4
#00BFC4	0.764491005582742	0.418932663256454	2	#00BFC4
#00BFC4	0.626128609828382	0.47322683897215	2	#00BFC4
#00BFC4	0.432972637673168	0.558332585479673	2	#00BFC4
#00BFC4	0.660417671789923	0.386176672948637	2	#00BFC4
#00BFC4	0.581156523537115	0.435834155972359	2	#00BFC4
#00BFC4	0.305982493624647	0.414894253492477	2	#00BFC4
#F8766D	0.251188917223792	0.419231804720452	2	#F8766D
#00BFC4	0.616479426562823	0.39111250710461	2	#00BFC4
#00BFC4	0.634916258873802	0.182760477429777	2	#00BFC4
#00BFC4	0.452615617892343	0.342352448472883	2	#00BFC4
#F8766D	0.624577848232132	0.356262526548805	2	#F8766D
#00BFC4	0.458301743745262	0.431347034012384	2	#00BFC4
#00BFC4	0.503446136880557	0.40711657542852	2	#00BFC4
#00BFC4	0.431077262388862	0.372416165604714	2	#00BFC4
#00BFC4	0.292197946102419	0.321262975261001	2	#00BFC4
#00BFC4	0.259804259425184	0.470235424332167	2	#00BFC4
#00BFC4	0.408160452133159	0.536794400071794	2	#00BFC4
#00BFC4	0.432283410297057	0.400834604684555	2	#00BFC4
#00BFC4	0.404542008408574	0.70536061503485	2	#00BFC4
#00BFC4	0.34251154455855	0.535896975679799	2	#00BFC4
#F8766D	0.535495209869736	0.372266594872715	2	#F8766D
#00BFC4	0.441760286718588	0.481602799964103	2	#00BFC4
#00BFC4	0.527913708732511	0.569400819647611	2	#00BFC4
#00BFC4	0.389379006134124	0.487136917048072	2	#00BFC4
#00BFC4	0.326659314907988	0.574486224535583	2	#00BFC4
#00BFC4	0.479150871872631	0.57493493673158	2	#00BFC4
#00BFC4	0.572885795023778	0.506132400011966	2	#00BFC4
#00BFC4	0.423840374939693	0.629079541715277	2	#00BFC4
#00BFC4	0.252739678820043	0.686365132070956	2	#00BFC4
#00BFC4	0.333206974981046	0.51061952197194	2	#00BFC4
#00BFC4	0.600799503756289	0.478312243860121	2	#00BFC4
#00BFC4	0.368185264318699	0.405471297376529	2	#00BFC4
#00BFC4	0.579605761940864	0.534251697627808	2	#00BFC4
#00BFC4	0.187090771245434	0.564165844027641	2	#00BFC4
#00BFC4	0.375939072299952	0.521239043943881	2	#00BFC4
#00BFC4	0.528258322420567	0.420278799844446	2	#00BFC4
#00BFC4	0.310807085257426	0.375407580244698	2	#00BFC4
#00BFC4	0.361292990557585	0.635959795387238	2	#00BFC4
#00BFC4	0.541009028878627	0.400834604684555	2	#00BFC4
#00BFC4	0.427286511820249	0.488034341440067	2	#00BFC4
#00BFC4	0.554276655868771	0.410556702264501	2	#00BFC4
#00BFC4	0.532049072989179	0.601558527027431	2	#00BFC4
#00BFC4	0.341994624026466	0.302417063029106	2	#00BFC4
#00BFC4	0.45520022055276	0.616366029495348	2	#00BFC4
#00BFC4	0.376455992832035	0.431795746208382	2	#00BFC4
#00BFC4	0.64870080639603	0.45886804870023	2	#00BFC4
#00BFC4	0.528947549796678	0.418334380328457	2	#00BFC4
#00BFC4	0.43124956923289	0.364788058272757	2	#00BFC4
#00BFC4	0.478117030808464	0.443910975500314	2	#00BFC4
#00BFC4	0.151940175063753	0.492970175596039	2	#00BFC4
#00BFC4	0.37766214074023	0.427906907176404	2	#00BFC4
#00BFC4	0.471741677579433	0.491474468276048	2	#00BFC4
#00BFC4	0.671617616651733	0.480705375572108	2	#00BFC4
#00BFC4	0.437452615617892	0.426261629124413	2	#00BFC4
#00BFC4	0.0873251085533117	0.616964312423345	2	#00BFC4
#00BFC4	0.238265903921704	0.533204702503814	2	#00BFC4
#00BFC4	0.577710386656558	0.543225941547758	2	#00BFC4
#00BFC4	0.641291612102833	0.393655209548595	2	#00BFC4
#00BFC4	0.544282858915156	0.35536510215681	2	#00BFC4
#00BFC4	0.539458267282376	0.35536510215681	2	#00BFC4
#00BFC4	0.243607416086567	0.593481707499476	2	#00BFC4
#00BFC4	0.294782548762837	0.459466331628227	2	#00BFC4
#00BFC4	0.452271004204287	0.475320829220138	2	#00BFC4
#00BFC4	0.658349989661589	0.446752819408298	2	#00BFC4
#00BFC4	0.347336136191329	0.485940351192079	2	#00BFC4
#00BFC4	0.398683575711627	0.607840497771396	2	#00BFC4
#00BFC4	0.560479702253774	0.578375063567561	2	#00BFC4
#00BFC4	0.416431180646495	0.603203805079422	2	#00BFC4
#00BFC4	0.41367427114205	0.520042478087888	2	#00BFC4
#00BFC4	0.0619960024812185	0.413996829100482	2	#00BFC4
#00BFC4	0.396960507271349	0.650617727123156	2	#00BFC4
#00BFC4	0.29616100351506	0.671557629603039	2	#00BFC4
#00BFC4	0.52636294713626	0.53215770737982	2	#00BFC4
#00BFC4	0.522227582879592	0.638352927099225	2	#00BFC4
#00BFC4	0.300985595147839	0.490876185348051	2	#00BFC4
#00BFC4	0.648011579019919	0.560576146459661	2	#00BFC4
#00BFC4	0.554621269556827	0.546067785455742	2	#00BFC4
#00BFC4	0.34492384037494	0.514508361003919	2	#00BFC4
#00BFC4	0.469157074919016	0.495064165844028	2	#00BFC4
#00BFC4	0.594941071059342	0.548610487899728	2	#00BFC4
#00BFC4	0.417292714866634	0.502841843907984	2	#00BFC4
#00BFC4	0.73985112688676	0.617113883155344	2	#00BFC4
#00BFC4	0.550313598456131	0.558631726943672	2	#00BFC4
#00BFC4	0.390585154042319	0.478162673128122	2	#00BFC4
#00BFC4	0.480873940312909	0.464103024320201	2	#00BFC4
#00BFC4	0.247570473499207	0.334126058212929	2	#00BFC4
#00BFC4	0.484492384037494	0.584806605043525	2	#00BFC4
#00BFC4	0.453994072644565	0.673801190583027	2	#00BFC4
#00BFC4	0.485870838789717	0.498354721948009	2	#00BFC4
#00BFC4	0.560996622785857	0.462906458464208	2	#00BFC4
#00BFC4	0.611310221241988	0.482500224356098	2	#00BFC4
#00BFC4	0.585981115169894	0.500299141463998	2	#00BFC4
#00BFC4	0.313047074229788	0.600960244099434	2	#00BFC4
#00BFC4	0.531532152457096	0.556687307427682	2	#00BFC4
#00BFC4	0.359742228961334	0.51435879027192	2	#00BFC4
#00BFC4	0.47122475704735	0.609186634359388	2	#00BFC4
#00BFC4	0.293404094010614	0.749633551706602	2	#00BFC4
#00BFC4	0.365083741126198	0.460513326752221	2	#00BFC4
#00BFC4	0.342339237714522	0.579122917227557	2	#00BFC4
#00BFC4	0.576159625060307	0.384980107092644	2	#00BFC4
#00BFC4	0.374216003859673	0.58749887821951	2	#00BFC4
#00BFC4	0.382314425528982	0.456026204792246	2	#00BFC4
#00BFC4	0.149872492935419	0.695339375990906	2	#00BFC4
#00BFC4	0.3137363016059	0.515854497591911	2	#00BFC4
#00BFC4	0.422289613343442	0.557285590355679	2	#00BFC4
#F8766D	0.178475429044042	0.45527835113225	2	#F8766D
#00BFC4	0.309600937349231	0.542029375691765	2	#00BFC4
#00BFC4	0.308050175752981	0.475171258488139	2	#00BFC4
#00BFC4	0.562719691226136	0.503888839031978	2	#00BFC4
#00BFC4	0.223275208491281	0.347587424092853	2	#00BFC4
#00BFC4	0.304431732028396	0.519145053695893	2	#00BFC4
#00BFC4	0.184333861740988	0.463355170660205	2	#00BFC4
#00BFC4	0.544110552071128	0.427757336444405	2	#00BFC4
#00BFC4	0.410400441105521	0.475171258488139	2	#00BFC4
#00BFC4	0.569784271831277	0.53918753178378	2	#00BFC4
#00BFC4	0.346129988283135	0.584507463579527	2	#00BFC4
#00BFC4	0.580811909849059	0.790466361542373	2	#00BFC4
#00BFC4	0.614411744434489	0.427906907176404	2	#00BFC4
#00BFC4	0.66386380867048	0.491324897544049	2	#00BFC4
#00BFC4	0.557033565373217	0.392309072960603	2	#00BFC4
#00BFC4	0.473292439175684	0.478910526788118	2	#00BFC4
#00BFC4	0.721931215107864	0.536196117143797	2	#00BFC4
#00BFC4	0.654214625404921	0.468590146280176	2	#00BFC4
#00BFC4	0.453477152112482	0.569400819647611	2	#00BFC4
#00BFC4	0.618891722379213	0.628331688055281	2	#00BFC4
#00BFC4	0.499655386311944	0.406518292500523	2	#00BFC4
#00BFC4	0.731580398373423	0.618160878279338	2	#00BFC4
#00BFC4	0.360259149493418	0.404274731520536	2	#00BFC4
#00BFC4	0.66627610448687	0.419231804720452	2	#00BFC4
#00BFC4	0.333206974981046	0.424167638876425	2	#00BFC4
#00BFC4	0.618202495003102	0.621601005115319	2	#00BFC4
#00BFC4	0.111792680405266	0.395898770528583	2	#00BFC4
#00BFC4	0.370425253291061	0.517948487839899	2	#00BFC4
#00BFC4	0.382659039217038	0.617263453887343	2	#00BFC4
#00BFC4	0.296333310359087	0.446902390140297	2	#00BFC4
#00BFC4	0.488972361982218	0.731385922402704	2	#00BFC4
#00BFC4	0.531532152457096	0.515256214663915	2	#00BFC4
#00BFC4	0.384726721345372	0.36074964850878	2	#00BFC4
#00BFC4	0.328726997036322	0.592135570911484	2	#00BFC4
#00BFC4	0.568922737611138	0.459615902360226	2	#00BFC4
#00BFC4	0.472086291267489	0.513910078075922	2	#00BFC4
#00BFC4	0.529119856640706	0.456774058452242	2	#00BFC4
#00BFC4	0.385760562409539	0.431646175476383	2	#00BFC4
#00BFC4	0.368357571162727	0.656002273475126	2	#00BFC4
#00BFC4	0.435040319801502	0.386326243680637	2	#00BFC4
#00BFC4	0.554965883244882	0.579571629423554	2	#00BFC4
#00BFC4	0.510510717485699	0.671707200335038	2	#00BFC4
#00BFC4	0.708491281273692	0.499102575608005	2	#00BFC4
#00BFC4	0.487593907229995	0.548610487899728	2	#00BFC4
#00BFC4	0.267041146874354	0.541730234227766	2	#00BFC4
#00BFC4	0.399028189399683	0.469936282868168	2	#00BFC4
#00BFC4	0.557378179061272	0.524828741511861	2	#00BFC4
#00BFC4	0.417292714866634	0.635810224655239	2	#00BFC4
#00BFC4	0.382831346061066	0.437629004756349	2	#00BFC4
#00BFC4	0.17623544007168	0.614421609979359	2	#00BFC4
#00BFC4	0.337514646081742	0.437180292560352	2	#00BFC4
#00BFC4	0.337342339237715	0.486389063388076	2	#00BFC4
#00BFC4	0.385760562409539	0.455128780400251	2	#00BFC4
#00BFC4	0.459335584809429	0.579122917227557	2	#00BFC4
#00BFC4	0.112137294093321	0.48040623410811	2	#00BFC4
#00BFC4	0.57753807981253	0.517051063447904	2	#00BFC4
#00BFC4	0.418326555930802	0.542627658619761	2	#00BFC4
#00BFC4	0.554793576400855	0.458718477968231	2	#00BFC4
#00BFC4	0.400578950995934	0.324852672828981	2	#00BFC4
#00BFC4	0.469501688607071	0.522286039067875	2	#00BFC4
#00BFC4	0.701254393824523	0.45527835113225	2	#00BFC4
#00BFC4	0.549107450547936	0.518098058571899	2	#00BFC4
#00BFC4	0.495864635743332	0.234661521433486	2	#00BFC4
#00BFC4	0.59597491212351	0.490577043884053	2	#00BFC4
#00BFC4	0.388000551381901	0.449445092584283	2	#00BFC4
#00BFC4	0.264456544213936	0.530662000059828	2	#00BFC4
#00BFC4	0.266007305810187	0.593481707499476	2	#00BFC4
#00BFC4	0.448307946791647	0.500299141463998	2	#00BFC4
#00BFC4	0.388517471913984	0.473675551168147	2	#00BFC4
#00BFC4	0.62475015507616	0.647925453947171	2	#00BFC4
#00BFC4	0.387139017161762	0.31782284842502	2	#00BFC4
#00BFC4	0.606657936453236	0.431197463280385	2	#00BFC4
#00BFC4	0.556516644841133	0.719420263842771	2	#00BFC4
#00BFC4	0.435040319801502	0.632519668551258	2	#00BFC4
#00BFC4	0.553415121648632	0.63222052708726	2	#00BFC4
#00BFC4	0.369563719070921	0.442714409644321	2	#00BFC4
#00BFC4	0.324247019091598	0.447500673068294	2	#00BFC4
#00BFC4	0.195533806602798	0.460363756020222	2	#00BFC4
#00BFC4	0.596491832655593	0.449295521852284	2	#00BFC4
#00BFC4	0.472258598111517	0.603203805079422	2	#00BFC4
#00BFC4	0.352333034668137	0.526474019563852	2	#00BFC4
#00BFC4	0.229478254876284	0.695339375990906	2	#00BFC4
#00BFC4	0.536184437245847	0.644186185647192	2	#00BFC4
#00BFC4	0.338720793989937	0.504786263423973	2	#00BFC4
#00BFC4	0.337514646081742	0.715381854078794	2	#00BFC4
#F8766D	0.681094493073265	0.420877082772443	2	#F8766D
#00BFC4	0.338031566613826	0.449445092584283	2	#00BFC4
#00BFC4	0.358880694741195	0.604400370935415	2	#00BFC4
#00BFC4	0.609759459645737	0.680980585718986	2	#00BFC4
#00BFC4	0.760872561858157	0.454829638936253	2	#00BFC4
#00BFC4	0.532393686677235	0.546965209847737	2	#00BFC4
#00BFC4	0.192776897098353	0.476367824344132	2	#00BFC4
#F8766D	0.360431456337446	0.621002722187322	2	#F8766D
#00BFC4	0.30649941415673	0.443013551108319	2	#00BFC4
#F8766D	0.549107450547936	0.531559424451823	2	#F8766D
#00BFC4	0.51516300227445	0.432693170600377	2	#00BFC4
#00BFC4	0.37766214074023	0.548460917167728	2	#00BFC4
#00BFC4	0.605624095389069	0.432543599868378	2	#00BFC4
#00BFC4	0.516713763870701	0.695189805258907	2	#00BFC4
#00BFC4	0.638190088910332	0.51600406832391	2	#00BFC4
#00BFC4	0.509649183265559	0.359253941188788	2	#00BFC4
#00BFC4	0.407471224757047	0.689655688174938	2	#00BFC4
#00BFC4	0.726066579364532	0.31064345328906	2	#00BFC4
#00BFC4	0.465710938038459	0.33397648748093	2	#00BFC4
#00BFC4	0.376455992832035	0.664826946663077	2	#00BFC4
#00BFC4	0.477427803432352	0.613823327051363	2	#00BFC4
#00BFC4	0.36646219587842	0.595126985551467	2	#00BFC4
#00BFC4	0.624405541388104	0.551601902539711	2	#00BFC4
#00BFC4	0.250499689847681	0.405920009572527	2	#00BFC4
#00BFC4	0.284788751809222	0.543076370815759	2	#00BFC4
#00BFC4	0.43521262664553	0.620554009991325	2	#00BFC4
#00BFC4	0.284788751809222	0.535149122019803	2	#00BFC4
#00BFC4	0.301502515679923	0.466944868228185	2	#00BFC4
#00BFC4	0.383003652905093	0.769825600526489	2	#00BFC4
#00BFC4	0.474153973395823	0.805722576206288	2	#00BFC4
#00BFC4	0.42401268178372	0.417287385204463	2	#00BFC4
#00BFC4	0.394375904610931	0.625938556343295	2	#00BFC4
#00BFC4	0.405575849472741	0.446902390140297	2	#00BFC4
#00BFC4	0.446240264663312	0.662284244219091	2	#00BFC4
#00BFC4	0.606141015921152	0.757859941966556	2	#00BFC4
#00BFC4	0.178475429044042	0.582563044063538	2	#00BFC4
#00BFC4	0.479840099248742	0.572392234287595	2	#00BFC4
#00BFC4	0.406781997380936	0.412949833976487	2	#00BFC4
#00BFC4	0.435729547177614	0.397244907116575	2	#00BFC4
#00BFC4	0.513267626990144	0.685018995482964	2	#00BFC4
#00BFC4	0.299434833551589	0.659442400311107	2	#00BFC4
#00BFC4	0.408160452133159	0.496260731700021	2	#00BFC4
#00BFC4	0.451064856296092	0.635959795387238	2	#00BFC4
#00BFC4	0.542732097318905	0.496859014628018	2	#00BFC4
#00BFC4	0.353539182576332	0.588994585539501	2	#00BFC4
#00BFC4	0.484147770349438	0.817538664034222	2	#00BFC4
#00BFC4	0.365083741126198	0.693394956474917	2	#00BFC4
#00BFC4	0.308050175752981	0.770723024918484	2	#00BFC4
#00BFC4	0.254635054104349	0.678437883275001	2	#00BFC4
#00BFC4	0.558584326969467	0.597968829459451	2	#00BFC4
#00BFC4	0.520332207595286	0.531559424451823	2	#00BFC4
#00BFC4	0.364566820594114	0.66781836130306	2	#00BFC4
#00BFC4	0.550658212144186	0.619207873403332	2	#00BFC4
#00BFC4	0.47760011027638	0.443761404768315	2	#00BFC4
#00BFC4	0.553415121648632	0.527670585419845	2	#00BFC4
#00BFC4	0.374388310703701	0.589443297735499	2	#00BFC4
#00BFC4	0.46881246123096	0.415492536420473	2	#00BFC4
#00BFC4	0.563581225446275	0.383185258308654	2	#00BFC4
#00BFC4	0.0931835412502584	0.579721200155554	2	#00BFC4
#00BFC4	0.164518574677786	0.417137814472464	2	#00BFC4
#00BFC4	0.346819215659246	0.583759609919531	2	#00BFC4
#00BFC4	0.28254876283686	0.432394029136379	2	#00BFC4
#00BFC4	0.421600385967331	0.372715307068713	2	#00BFC4
#00BFC4	0.372148321731339	0.617712166083341	2	#00BFC4
#00BFC4	0.3712867875112	0.745296000478626	2	#00BFC4
#00BFC4	0.196739954510993	0.506431541475964	2	#00BFC4
#00BFC4	0.637328554690192	0.376454575368692	2	#00BFC4
#00BFC4	0.799124681232338	0.436282868168357	2	#00BFC4
#00BFC4	0.56237507753808	0.470384995064166	2	#00BFC4
#00BFC4	0.270831897442966	0.532905561039816	2	#00BFC4
#00BFC4	0.189503067061824	0.705659756498848	2	#00BFC4
#F8766D	0.625267075608243	0.700125639414879	2	#F8766D
#00BFC4	0.590461093114618	0.679036166202997	2	#00BFC4
#00BFC4	0.459680198497484	0.514059648807921	2	#00BFC4
#00BFC4	0.437452615617892	0.602455951419426	2	#00BFC4
#00BFC4	0.666448411330898	0.484594214604086	2	#00BFC4
#00BFC4	0.383348266593149	0.650767297855156	2	#00BFC4
#00BFC4	0.557378179061272	0.572541805019594	2	#00BFC4
#00BFC4	0.47760011027638	0.489978760956056	2	#00BFC4
#00BFC4	0.588048797298229	0.64104520027521	2	#00BFC4
#00BFC4	0.327176235440072	0.60170809775943	2	#00BFC4
#00BFC4	0.309256323661176	0.495512878040025	2	#00BFC4
#00BFC4	0.43366186504928	0.422671931556433	2	#00BFC4
#00BFC4	0.547212075263629	0.634314517335248	2	#00BFC4
#00BFC4	0.464332483286236	0.430599180352389	2	#00BFC4
#00BFC4	0.509821490109587	0.458120195040234	2	#00BFC4
#00BFC4	0.419532703838996	0.526474019563852	2	#00BFC4
#00BFC4	0.578055000344614	0.413548116904484	2	#00BFC4
#00BFC4	0.298056378799366	0.510021239043944	2	#00BFC4
#00BFC4	0.305120959404508	0.6606389661671	2	#00BFC4
#00BFC4	0.421428079123303	0.65719883933112	2	#00BFC4
#00BFC4	0.700565166448411	0.514957073199916	2	#00BFC4
#00BFC4	0.394375904610931	0.623395853899309	2	#00BFC4
#00BFC4	0.342683851402578	0.519294624427892	2	#00BFC4
#00BFC4	0.418671169618857	0.689954829638936	2	#00BFC4
#00BFC4	0.192776897098353	0.543973795207754	2	#00BFC4
#00BFC4	0.570473499207389	0.50897424391995	2	#00BFC4
#00BFC4	0.599421049004066	0.393804780280595	2	#00BFC4
#00BFC4	0.408332758977187	0.416539531544467	2	#00BFC4
#00BFC4	0.768970983527466	0.558482156211672	2	#00BFC4
#00BFC4	0.288062581845751	0.500747853659996	2	#00BFC4
#00BFC4	0.628196291956716	0.709399024798827	2	#00BFC4
#00BFC4	0.356813012612861	0.469337999940172	2	#00BFC4
#00BFC4	0.35284995520022	0.58211433186754	2	#00BFC4
#00BFC4	0.609587152801709	0.583610039187532	2	#00BFC4
#00BFC4	0.512406092770005	0.614122468515361	2	#00BFC4
#00BFC4	0.673340685092012	0.200708965269676	2	#00BFC4
#00BFC4	0.31132400578951	0.514957073199916	2	#00BFC4
#00BFC4	0.380763663932731	0.415492536420473	2	#00BFC4
#00BFC4	0.468984768074988	0.483696790212091	2	#00BFC4
#00BFC4	0.596664139499621	0.437629004756349	2	#00BFC4
#00BFC4	0.350954579915914	0.747389990726614	2	#00BFC4
#00BFC4	0.593734923151148	0.497307726824015	2	#00BFC4
#00BFC4	0.445034116755118	0.302267492297107	2	#00BFC4
#00BFC4	0.629230133020884	0.568054683059619	2	#00BFC4
#00BFC4	0.696774415879799	0.633417092943253	2	#00BFC4
#00BFC4	0.370425253291061	0.494465882916031	2	#00BFC4
#00BFC4	0.466227858570542	0.519743336623889	2	#00BFC4
#00BFC4	0.584947274105727	0.40532172664453	2	#00BFC4
#00BFC4	0.48242470190916	0.653310000299141	2	#00BFC4
#00BFC4	0.416431180646495	0.272353345897275	2	#00BFC4
#00BFC4	0.487766214074023	0.437629004756349	2	#00BFC4
#00BFC4	0.471052450203322	0.344446438720871	2	#00BFC4
#00BFC4	0.344234612998828	0.363142780220766	2	#00BFC4
#00BFC4	0.476738576056241	0.425364204732418	2	#00BFC4
#00BFC4	0.490867737266524	0.63027610757127	2	#00BFC4
#00BFC4	0.267385760562409	0.508675102455951	2	#00BFC4
#00BFC4	0.42246192018747	0.428056477908403	2	#00BFC4
#00BFC4	0.240505892894066	0.545170361063747	2	#00BFC4
#00BFC4	0.261355021021435	0.415043824224476	2	#00BFC4
#F8766D	0.509649183265559	0.252161297077388	2	#F8766D
#00BFC4	0.529636777172789	0.443611834036316	2	#00BFC4
#00BFC4	0.485870838789717	0.831448742110144	2	#00BFC4
#00BFC4	0.412123509545799	0.807517424990278	2	#00BFC4
#00BFC4	0.581845750913226	0.718373268718777	2	#00BFC4
#00BFC4	0.491040044110552	0.459765473092225	2	#00BFC4
#00BFC4	0.563408918602247	0.526623590295851	2	#00BFC4
#00BFC4	0.405231235784685	0.455577492596249	2	#00BFC4
#00BFC4	0.299262526707561	0.493119746328038	2	#00BFC4
#00BFC4	0.455717141084844	0.568952107451614	2	#00BFC4
#00BFC4	0.385932869253567	0.415941248616471	2	#00BFC4
#00BFC4	0.285994899717417	0.668117502767058	2	#00BFC4
#F8766D	0.361982217933696	0.541580663495767	2	#F8766D
#00BFC4	0.466744779102626	0.330237219180951	2	#00BFC4
#00BFC4	0.499827693155972	0.463205599928206	2	#00BFC4
#00BFC4	0.222758287959198	0.655852702743127	2	#00BFC4
#00BFC4	0.482941622441243	0.504038409763977	2	#00BFC4
#00BFC4	0.270142670066855	0.621601005115319	2	#00BFC4
#F8766D	0.417465021710662	0.406667863232523	2	#F8766D
#00BFC4	0.664897649734647	0.518995482963894	2	#00BFC4
#00BFC4	0.482597008753188	0.427458194980406	2	#00BFC4
#00BFC4	0.547556688951685	0.495213736576027	2	#00BFC4
#00BFC4	0.419188090150941	0.464103024320201	2	#00BFC4
#00BFC4	0.437108001929837	0.428056477908403	2	#00BFC4
#00BFC4	0.346819215659246	0.424466780340423	2	#00BFC4
#00BFC4	0.447101798883452	0.505234975619971	2	#00BFC4
#00BFC4	0.381625198152871	0.454530497472255	2	#00BFC4
#00BFC4	0.249982769315597	0.618609590475336	2	#00BFC4
#F8766D	0.537907505686126	0.412800263244488	2	#F8766D
#00BFC4	0.458474050589289	0.436282868168357	2	#00BFC4
#00BFC4	0.370425253291061	0.49820515121601	2	#00BFC4
#00BFC4	0.74708801433593	0.324852672828981	2	#00BFC4
#00BFC4	0.565476600730581	0.593182566035478	2	#00BFC4
#00BFC4	0.537045971465987	0.587798019683508	2	#00BFC4
#00BFC4	0.466917085946654	0.436731580364354	2	#00BFC4
#00BFC4	0.4424495140947	0.632370097819259	2	#00BFC4
#00BFC4	0.733131159969674	0.626237697807293	2	#00BFC4
#00BFC4	0.378179061272314	0.555789883035688	2	#00BFC4
#00BFC4	0.455027913708732	0.559080439139669	2	#00BFC4
#F8766D	0.489489282514301	0.386475814412636	2	#F8766D
#00BFC4	0.661623819698118	0.734078195578689	2	#00BFC4
#00BFC4	0.531015231925012	0.641942624667205	2	#00BFC4
#00BFC4	0.624405541388104	0.481901941428101	2	#00BFC4
#00BFC4	0.488972361982218	0.40532172664453	2	#00BFC4
#00BFC4	0.383865187125233	0.344296867988872	2	#00BFC4
#00BFC4	0.4152250327383	0.503888839031978	2	#00BFC4
#00BFC4	0.335791577641464	0.493269317060038	2	#00BFC4
#00BFC4	0.426769591288166	0.621601005115319	2	#00BFC4
#00BFC4	0.249810462471569	0.59288342457148	2	#00BFC4
#00BFC4	0.669377627679371	0.68382242962697	2	#00BFC4
#00BFC4	0.482941622441243	0.199213257949684	2	#00BFC4
#00BFC4	0.375766765455924	0.634314517335248	2	#00BFC4
#00BFC4	0.296505617203115	0.610233629483383	2	#00BFC4
#00BFC4	0.558928940657523	0.471132848724162	2	#00BFC4
#00BFC4	0.38644978978565	0.547413922043734	2	#00BFC4
#00BFC4	0.523089117099731	0.436881151096353	2	#00BFC4
#00BFC4	0.456406368460955	0.423868497412426	2	#00BFC4
#00BFC4	0.605451788545041	0.650617727123156	2	#00BFC4
#00BFC4	0.533772141429458	0.464103024320201	2	#00BFC4
#00BFC4	0.35284995520022	0.38931765832062	2	#00BFC4
#00BFC4	0.483803156661383	0.703266624786862	2	#00BFC4
#00BFC4	0.380419050244676	0.575682790391576	2	#00BFC4
#00BFC4	0.423668068095665	0.650468156391157	2	#00BFC4
#00BFC4	0.305465573092563	0.587199736755512	2	#00BFC4
#00BFC4	0.429871114480667	0.510021239043944	2	#00BFC4
#00BFC4	0.409711213729409	0.663779951539083	2	#00BFC4
#00BFC4	0.600454890068234	0.610383200215382	2	#00BFC4
#F8766D	0.597008753187677	0.493718029256035	3	#F8766D
#F8766D	0.388172858225929	0.263528672709324	3	#F8766D
#F8766D	0.565304293886553	0.307801609381076	3	#F8766D
#F8766D	0.53601213040182	0.461560321876215	3	#F8766D
#F8766D	0.548418223171824	0.388569804660624	3	#F8766D
#F8766D	0.498104624715694	0.516303209787909	3	#F8766D
#F8766D	0.432455717141085	0.446752819408298	3	#F8766D
#F8766D	0.635433179405886	0.43209488767238	3	#F8766D
#F8766D	0.529119856640706	0.612028478267372	3	#F8766D
#00BFC4	0.199669170859466	0.600361961171438	3	#00BFC4
#F8766D	0.538596733062237	0.545918214723743	3	#F8766D
#F8766D	0.46484940381832	0.572242663555595	3	#F8766D
#00BFC4	0.199152250327383	0.486089921924078	3	#00BFC4
#F8766D	0.582018057757254	0.620703580723324	3	#F8766D
#F8766D	0.502584602660418	0.492671034132041	3	#F8766D
#00BFC4	0.327520849128127	0.412800263244488	3	#00BFC4
#F8766D	0.73743883107037	0.358057375332795	3	#F8766D
#00BFC4	0.167275484182232	0.397394477848575	3	#00BFC4
#F8766D	0.570128885519333	0.384830536360645	3	#F8766D
#F8766D	0.574608863464057	0.421325794968441	3	#F8766D
#F8766D	0.166758563650148	0.617263453887343	3	#F8766D
#F8766D	0.582534978289338	0.581366478207544	3	#F8766D
#F8766D	0.30253635674409	0.370621316820724	3	#F8766D
#F8766D	0.352505341512165	0.497606868288013	3	#F8766D
#F8766D	0.551002825832242	0.501046995123994	3	#F8766D
#00BFC4	0.347336136191329	0.403975590056538	3	#00BFC4
#F8766D	0.304604038872424	0.520491190283885	3	#F8766D
#00BFC4	0.453821765800538	0.414146399832481	3	#00BFC4
#F8766D	0.522055276035564	0.550854048879715	3	#F8766D
#F8766D	0.505686125852919	0.54816177570373	3	#F8766D
#F8766D	0.57753807981253	0.413248975440486	3	#F8766D
#F8766D	0.176063133227652	0.459765473092225	3	#F8766D
#F8766D	0.630780894617134	0.437030721828353	3	#F8766D
#00BFC4	0.220001378454752	0.584956175775524	3	#00BFC4
#F8766D	0.669377627679371	0.429253043764396	3	#F8766D
#F8766D	0.679199117788959	0.450492087708277	3	#F8766D
#F8766D	0.439520297746226	0.349830985072841	3	#F8766D
#F8766D	0.649906954304225	0.507777678063956	3	#F8766D
#F8766D	0.307533255220897	0.574785365999581	3	#F8766D
#F8766D	0.635260872561858	0.358805228992791	3	#F8766D
#F8766D	0.515507615962506	0.658395405187113	3	#F8766D
#F8766D	0.36008684264939	0.656450985671124	3	#F8766D
#F8766D	0.312013233165621	0.46963714140417	3	#F8766D
#F8766D	0.506547660073058	0.455577492596249	3	#F8766D
#F8766D	0.373009855951478	0.446603248676299	3	#F8766D
#00BFC4	0.374732924391757	0.435086302312363	3	#00BFC4
#F8766D	0.531704459301123	0.569251248915612	3	#F8766D
#F8766D	0.499655386311944	0.29284453618116	3	#F8766D
#F8766D	0.726411193052588	0.298079511801131	3	#F8766D
#F8766D	0.6998759390723	0.537841395195788	3	#F8766D
#F8766D	0.714005100282583	0.324254389900984	3	#F8766D
#F8766D	0.874250465228479	0.134149989530049	3	#F8766D
#F8766D	0.652146943276587	0.402031170540549	3	#F8766D
#F8766D	0.570818112895444	0.619058302671333	3	#F8766D
#F8766D	0.509476876421531	0.444210116964312	3	#F8766D
#F8766D	0.740884967950927	0.352224116784828	3	#F8766D
#F8766D	0.44641257150734	0.210131921385623	3	#F8766D
#F8766D	0.433317251361224	0.573289658679589	3	#F8766D
#F8766D	0.784650906334	0.206990936013641	3	#F8766D
#F8766D	0.410055827417465	0.439423853540339	3	#F8766D
#00BFC4	0.36008684264939	0.543824224475755	3	#00BFC4
#00BFC4	0.362843752153835	0.388868946124622	3	#00BFC4
#F8766D	0.490350816734441	0.593481707499476	3	#F8766D
#F8766D	0.608553311737542	0.556836878159682	3	#F8766D
#00BFC4	0.255668895168516	0.491474468276048	3	#00BFC4
#F8766D	0.340788476118271	0.494914595112028	3	#F8766D
#F8766D	0.583051898821421	0.608289209967394	3	#F8766D
#00BFC4	0.644393135295334	0.475470399952137	3	#00BFC4
#F8766D	0.722103521951892	0.47143199018816	3	#F8766D
#F8766D	0.521193741815425	0.502393131711987	3	#F8766D
#F8766D	0.663174581294369	0.410855843728499	3	#F8766D
#F8766D	0.73347577365773	0.238999072661462	3	#F8766D
#F8766D	0.606141015921152	0.390364653444614	3	#F8766D
#F8766D	0.673168378247984	0.295387238625146	3	#F8766D
#F8766D	0.709869736025915	0.338912321636902	3	#F8766D
#F8766D	0.543593631539045	0.491324897544049	3	#F8766D
#00BFC4	0.456750982149011	0.699676927218882	3	#00BFC4
#F8766D	0.575815011372252	0.464551736516198	3	#F8766D
#00BFC4	0.412468123233855	0.227033414101529	3	#00BFC4
#00BFC4	0.344234612998828	0.204597804301654	3	#00BFC4
#00BFC4	0.303742504652285	0.281327589817225	3	#00BFC4
#F8766D	0.769315597215521	0.305109336205091	3	#F8766D
#F8766D	0.761561789234268	0.547713063507733	3	#F8766D
#F8766D	0.69350058584327	0.356860809476802	3	#F8766D
#F8766D	0.562891998070163	0.497906009752012	3	#F8766D
#F8766D	0.519298366531119	0.403078165664543	3	#F8766D
#F8766D	0.266351919498242	0.379445990008675	3	#F8766D
#F8766D	0.532393686677235	0.591537287983487	3	#F8766D
#F8766D	0.563064304914191	0.360151365580783	3	#F8766D
#F8766D	0.571507340271556	0.566558975739627	3	#F8766D
#F8766D	0.470535529671239	0.51420921953992	3	#F8766D
#F8766D	0.5136122406782	0.583610039187532	3	#F8766D
#F8766D	0.628023985112689	0.499551287804002	3	#F8766D
#F8766D	0.690743676338824	0.386774955876634	3	#F8766D
#F8766D	0.214142945757805	0.604998653863412	3	#F8766D
#F8766D	0.187779998621545	0.327395375272967	3	#F8766D
#F8766D	0.555655110620994	0.580169912351551	3	#F8766D
#F8766D	0.546005927355435	0.598716683119447	3	#F8766D
#F8766D	0.71590047556689	0.308699033773071	3	#F8766D
#F8766D	0.540319801502516	0.541879804959765	3	#F8766D
#F8766D	0.560307395409746	0.311241736217057	3	#F8766D
#F8766D	0.450203322075953	0.479807951180113	3	#F8766D
#00BFC4	0.434695706113447	0.379894702204673	3	#00BFC4
#F8766D	0.644048521607278	0.448547668192288	3	#F8766D
#00BFC4	0.33768695292577	0.518098058571899	3	#00BFC4
#F8766D	0.77982631470122	0.250216877561399	3	#F8766D
#00BFC4	0.248776621407402	0.434637590116366	3	#00BFC4
#F8766D	0.253256599352126	0.466795297496186	3	#F8766D
#F8766D	0.66231304707423	0.432543599868378	3	#F8766D
#F8766D	0.620614790819491	0.397544048580574	3	#F8766D
#F8766D	0.556516644841133	0.418035238864459	3	#F8766D
#F8766D	0.664036115514508	0.48743605851207	3	#F8766D
#F8766D	0.672134537183817	0.401432887612552	3	#F8766D
#00BFC4	0.5711627265835	0.623694995363307	3	#00BFC4
#F8766D	0.851505961816803	0.299874360585121	3	#F8766D
#F8766D	0.627334757736577	0.65719883933112	3	#F8766D
#F8766D	0.644048521607278	0.268464506865297	3	#F8766D
#F8766D	0.616824040250879	0.65360914176314	3	#F8766D
#F8766D	0.556861258529189	0.500149570731999	3	#F8766D
#00BFC4	0.338203873457854	0.478312243860121	3	#00BFC4
#F8766D	0.388689778758012	0.478910526788118	3	#F8766D
#F8766D	0.332862361292991	0.661386819827096	3	#F8766D
#F8766D	0.589254945206424	0.575981931855574	3	#F8766D
#F8766D	0.267041146874354	0.458269765772234	3	#F8766D
#00BFC4	0.338720793989937	0.519444195159891	3	#00BFC4
#00BFC4	0.1714108484389	0.422821502288432	3	#00BFC4
#F8766D	0.615790199186712	0.415791677884472	3	#F8766D
#00BFC4	0.278930319112275	0.3929073558886	3	#00BFC4
#F8766D	0.478461644496519	0.506730682939962	3	#F8766D
#F8766D	0.440726445654421	0.50897424391995	3	#F8766D
#F8766D	0.547901302639741	0.48384636094409	3	#F8766D
#00BFC4	0.259459645737129	0.384082682700649	3	#00BFC4
#F8766D	0.525501412916121	0.615319034371354	3	#F8766D
#F8766D	0.749844923840375	0.414894253492477	3	#F8766D
#F8766D	0.501723068440278	0.517350204911903	3	#F8766D
#00BFC4	0.351988420980081	0.497457297556014	3	#00BFC4
#F8766D	0.625094768764215	0.576879356247569	3	#F8766D
#F8766D	0.319939347990902	0.535448263483801	3	#F8766D
#F8766D	0.506547660073058	0.515555356127913	3	#F8766D
#F8766D	0.552553587428493	0.854781776302013	3	#F8766D
#00BFC4	0.323557791715487	0.429851326692393	3	#00BFC4
#F8766D	0.268591908470604	0.496111160968022	3	#F8766D
#F8766D	0.470363222827211	0.504187980495976	3	#F8766D
#00BFC4	0.41367427114205	0.438227287684346	3	#00BFC4
#F8766D	0.581673444069199	0.396945765652577	3	#F8766D
#F8766D	0.676959128816597	0.498803434144007	3	#F8766D
#F8766D	0.643014680543111	0.302566633761106	3	#F8766D
#F8766D	0.627507064580605	0.444957970624308	3	#F8766D
#00BFC4	0.445551037287201	0.288506984953184	3	#00BFC4
#00BFC4	0.443483355158867	0.348634419216848	3	#00BFC4
#F8766D	0.872355089944173	0.189939872565736	3	#F8766D
#F8766D	0.259287338893101	0.345044721648868	3	#F8766D
#F8766D	0.651802329588531	0.407266146160519	3	#F8766D
#00BFC4	0.319767041146874	0.470833707260163	3	#00BFC4
#F8766D	0.670411468743539	0.394103921744593	3	#F8766D
#00BFC4	0.441932593562616	0.415342965688474	3	#00BFC4
#F8766D	0.625956302984355	0.370322175356726	3	#F8766D
#F8766D	0.568061203390999	0.578225492835562	3	#F8766D
#00BFC4	0.312185540009649	0.267267941009303	3	#00BFC4
#F8766D	0.655248466469088	0.457372341380239	3	#F8766D
#F8766D	0.536701357777931	0.456624487720243	3	#F8766D
#F8766D	0.310634778413399	0.442116126716324	3	#F8766D
#F8766D	0.346302295127162	0.509572526847946	3	#F8766D
#00BFC4	0.391102074574402	0.208187501869634	3	#00BFC4
#F8766D	0.548073609483769	0.493269317060038	3	#F8766D
#F8766D	0.4863877593218	0.590490292859493	3	#F8766D
#F8766D	0.615445585498656	0.480256663376111	3	#F8766D
#F8766D	0.297884071955338	0.564165844027641	3	#F8766D
#00BFC4	0.29374870769867	0.480555804840109	3	#00BFC4
#00BFC4	0.270142670066855	0.564016273295641	3	#00BFC4
#F8766D	0.469329381763044	0.384680965628646	3	#F8766D
#F8766D	0.614928664966573	0.474124263364145	3	#F8766D
#F8766D	0.683334482045627	0.427757336444405	3	#F8766D
#F8766D	0.56719966917086	0.506281970743965	3	#F8766D
#00BFC4	0.449858708387897	0.612925902659368	3	#00BFC4
#00BFC4	0.422289613343442	0.355514672888809	3	#00BFC4
#F8766D	0.496726169963471	0.382886116844656	3	#F8766D
#F8766D	0.462609414845958	0.531708995183822	3	#F8766D
#F8766D	0.522227582879592	0.723309102874749	3	#F8766D
#F8766D	0.588565717830312	0.466197014568189	3	#F8766D
#F8766D	0.448480253635674	0.523632175655868	3	#F8766D
#F8766D	0.180887724860431	0.456474916988244	3	#F8766D
#F8766D	0.30408711834034	0.409210565676508	3	#F8766D
#F8766D	0.65748845544145	0.556388165963684	3	#F8766D
#F8766D	0.584085739885588	0.494765024380029	3	#F8766D
#F8766D	0.647150044799779	0.386774955876634	3	#F8766D
#F8766D	0.228789027500172	0.596323551407461	3	#F8766D
#F8766D	0.628885519332828	0.534849980555805	3	#F8766D
#F8766D	0.363532979529947	0.579721200155554	3	#F8766D
#F8766D	0.336308498173547	0.463205599928206	3	#F8766D
#F8766D	0.487938520918051	0.432394029136379	3	#F8766D
#00BFC4	0.289957957130057	0.421176224236441	3	#00BFC4
#F8766D	0.554276655868771	0.39829190224057	3	#F8766D
#F8766D	0.560479702253774	0.451389512100272	3	#F8766D
#F8766D	0.601316424288373	0.519444195159891	3	#F8766D
#00BFC4	0.506203046385002	0.478312243860121	3	#00BFC4
#F8766D	0.509476876421531	0.527371443955847	3	#F8766D
#F8766D	0.552725894272521	0.65540399054713	3	#F8766D
#F8766D	0.383003652905093	0.521538185407879	3	#F8766D
#F8766D	0.492246192018747	0.455727063328248	3	#F8766D
#F8766D	0.434695706113447	0.592285141643483	3	#F8766D
#F8766D	0.693672892687297	0.424765921804421	3	#F8766D
#00BFC4	0.35284995520022	0.313335726465045	3	#00BFC4
#00BFC4	0.423495761251637	0.449295521852284	3	#00BFC4
#F8766D	0.451409469984148	0.48384636094409	3	#F8766D
#00BFC4	0.472430904955545	0.474872117024141	3	#00BFC4
#00BFC4	0.315803983734234	0.406368721768524	3	#00BFC4
#F8766D	0.499138465779861	0.474572975560142	3	#F8766D
#F8766D	0.570645806051416	0.512264800023931	3	#F8766D
#F8766D	0.692811358467158	0.418334380328457	3	#F8766D
#F8766D	0.514646081742367	0.444509258428311	3	#F8766D
#F8766D	0.646460817423668	0.406069580304526	3	#F8766D
#F8766D	0.469501688607071	0.642540907595202	3	#F8766D
#F8766D	0.53359983458543	0.488782195100063	3	#F8766D
#F8766D	0.333896202357158	0.378997277812678	3	#F8766D
#00BFC4	0.171755462126956	0.411304555924497	3	#00BFC4
#F8766D	0.689365221586602	0.353719824104819	3	#F8766D
#F8766D	0.272210352195189	0.455727063328248	3	#F8766D
#F8766D	0.674546833000207	0.60170809775943	3	#F8766D
#00BFC4	0.132297194844579	0.513311795147925	3	#00BFC4
#F8766D	0.522744503411676	0.592285141643483	3	#F8766D
#F8766D	0.657316148597422	0.511367375631936	3	#F8766D
#F8766D	0.436935695085809	0.36433934607676	3	#F8766D
#00BFC4	0.423151147563581	0.411154985192497	3	#00BFC4
#00BFC4	0.305982493624647	0.560127434263663	3	#00BFC4
#F8766D	0.488972361982218	0.346241287504861	3	#F8766D
#F8766D	0.318216279550624	0.419830087648449	3	#F8766D
#F8766D	0.503618443724585	0.534849980555805	3	#F8766D
#F8766D	0.922668688400303	0.493418887792037	3	#F8766D
#F8766D	0.253601213040182	0.49461545364803	3	#F8766D
#F8766D	0.71107588393411	0.552200185467708	3	#F8766D
#F8766D	0.605796402233097	0.547862634239732	3	#F8766D
#F8766D	0.475704734992074	0.67499775643902	3	#F8766D
#F8766D	0.547556688951685	0.472478985312154	3	#F8766D
#F8766D	0.550485905300159	0.45542792186425	3	#F8766D
#F8766D	0.384382107657316	0.695040234526908	3	#F8766D
#F8766D	0.682817561513543	0.427009482784409	3	#F8766D
#F8766D	0.508270728513337	0.361198360704777	3	#F8766D
#F8766D	0.587876490454201	0.402180741272548	3	#F8766D
#F8766D	0.699359018540216	0.326946663076969	3	#F8766D
#00BFC4	0.213970638913778	0.283272009333214	3	#00BFC4
#F8766D	0.670756082431594	0.34280116066888	3	#F8766D
#00BFC4	0.35526225101661	0.369424750964731	3	#00BFC4
#F8766D	0.453994072644565	0.531409853719824	3	#F8766D
#F8766D	0.488110827762079	0.784932244458404	3	#F8766D
#F8766D	0.787924736370529	0.435086302312363	3	#F8766D
#F8766D	0.781032462609415	0.405172155912531	3	#F8766D
#F8766D	0.60390102694879	0.647775883215172	3	#F8766D
#F8766D	0.3712867875112	0.3929073558886	3	#F8766D
#F8766D	0.287890275001723	0.497606868288013	3	#F8766D
#F8766D	0.759666413949962	0.438675999880343	3	#F8766D
#F8766D	0.530326004548901	0.567306829399623	3	#F8766D
#00BFC4	0.392308222482597	0.40891142421251	3	#00BFC4
#F8766D	0.573402715555862	0.476966107272129	3	#F8766D
#F8766D	0.600454890068234	0.341604594812887	3	#F8766D
#00BFC4	0.333034668137018	0.456774058452242	3	#00BFC4
#00BFC4	0.387655937693845	0.458419336504233	3	#00BFC4
#F8766D	0.31614859742229	0.430449609620389	3	#F8766D
#00BFC4	0.472775518643601	0.569400819647611	3	#00BFC4
#F8766D	0.439175684058171	0.604101229471417	3	#F8766D
#F8766D	0.285822592873389	0.368826468036735	3	#F8766D
#F8766D	0.749500310152319	0.338014897244907	3	#F8766D
#F8766D	0.589082638362396	0.419231804720452	3	#F8766D
#F8766D	0.531015231925012	0.404424302252535	3	#F8766D
#F8766D	0.574264249776001	0.488632624368064	3	#F8766D
#00BFC4	0.402302019436212	0.292994106913159	3	#00BFC4
#00BFC4	0.455027913708732	0.292395823985163	3	#00BFC4
#00BFC4	0.333206974981046	0.258293697089354	3	#00BFC4
#F8766D	0.511027638017782	0.449893804780281	3	#F8766D
#00BFC4	0.450547935764009	0.35536510215681	3	#00BFC4
#F8766D	0.20656144462058	0.52497831224386	3	#F8766D
#F8766D	0.415052725894273	0.399338897364564	3	#F8766D
#F8766D	0.505686125852919	0.497158156092016	3	#F8766D
#F8766D	0.610965607553932	0.499401717072003	3	#F8766D
#F8766D	0.378179061272314	0.30540847766909	3	#F8766D
#F8766D	0.642153146322972	0.406069580304526	3	#F8766D
#F8766D	0.736232683162175	0.475320829220138	3	#F8766D
#F8766D	0.559618168033634	0.441667414520327	3	#F8766D
#F8766D	0.61113791439796	0.293293248377158	3	#F8766D
#F8766D	0.704872837549107	0.331284214304945	3	#F8766D
#F8766D	0.567027362326832	0.532905561039816	3	#F8766D
#F8766D	0.705906678613275	0.308699033773071	3	#F8766D
#F8766D	0.551864360052381	0.371817882676718	3	#F8766D
#F8766D	0.521021434971397	0.434039307188369	3	#F8766D
#F8766D	0.340443862430216	0.430449609620389	3	#F8766D
#F8766D	0.615617892342684	0.397095336384576	3	#F8766D
#F8766D	0.694706733751465	0.535298692751802	3	#F8766D
#F8766D	0.612688675994211	0.319916838673008	3	#F8766D
#F8766D	0.746743400647874	0.318421131353017	3	#F8766D
#F8766D	0.608897925425598	0.351177121660833	3	#F8766D
#F8766D	0.292887173478531	0.398591043704568	3	#F8766D
#F8766D	0.622510166103798	0.431795746208382	3	#F8766D
#F8766D	0.689020607898546	0.252460438541386	3	#F8766D
#F8766D	0.712971259218416	0.362993209488767	3	#F8766D
#F8766D	0.53997518781446	0.440470848664333	3	#F8766D
#F8766D	0.633882417809635	0.547413922043734	3	#F8766D
#00BFC4	0.280825694396581	0.540533668371773	3	#00BFC4
#00BFC4	0.156075539320422	0.447949385264291	3	#00BFC4
#F8766D	0.279274932800331	0.437030721828353	3	#F8766D
#F8766D	0.491901578330691	0.549208770827724	3	#F8766D
#00BFC4	0.162278585705424	0.413548116904484	3	#00BFC4
#00BFC4	0.325453166999793	0.483098507284095	3	#00BFC4
#00BFC4	0.38644978978565	0.399039755900565	3	#00BFC4
#F8766D	0.452271004204287	0.625190702683299	3	#F8766D
#F8766D	0.687297539458267	0.413398546172485	3	#F8766D
#F8766D	0.215693707354056	0.629229112447276	3	#F8766D
#F8766D	0.38403749396926	0.457671482844237	3	#F8766D
#F8766D	0.479840099248742	0.521089473211882	3	#F8766D
#00BFC4	0.334413122889241	0.524080887851865	3	#00BFC4
#00BFC4	0.344406919842856	0.462906458464208	3	#00BFC4
#F8766D	0.662140740230202	0.489081336564061	3	#F8766D
#F8766D	0.584602660417672	0.325750097220976	3	#F8766D
#00BFC4	0.452098697360259	0.451539082832271	3	#00BFC4
#F8766D	0.33131159969674	0.455128780400251	3	#F8766D
#00BFC4	0.352505341512165	0.454081785276257	3	#00BFC4
#00BFC4	0.345096147218968	0.316327141105029	3	#00BFC4
#F8766D	0.385243641877455	0.494765024380029	3	#F8766D
#F8766D	0.690399062650769	0.653908283227138	3	#F8766D
#F8766D	0.499310772623889	0.765488049298513	3	#F8766D
#F8766D	0.646805431111724	0.373313589996709	3	#F8766D
#F8766D	0.575470397684196	0.429701755960394	3	#F8766D
#F8766D	0.686952925770212	0.447949385264291	3	#F8766D
#F8766D	0.459335584809429	0.669912351551048	3	#F8766D
#F8766D	0.460886346405679	0.404125160788537	3	#F8766D
#F8766D	0.578744227720725	0.450641658440276	3	#F8766D
#F8766D	0.65266386380867	0.455876634060247	3	#F8766D
#00BFC4	0.449686401543869	0.665574800323073	3	#00BFC4
#F8766D	0.295644082982976	0.549657483023722	3	#F8766D
#F8766D	0.234302846509063	0.408163570552514	3	#F8766D
#F8766D	0.550141291612103	0.602755092883425	3	#F8766D
#F8766D	0.634054724653663	0.369125609500733	3	#F8766D
#F8766D	0.573919636087945	0.484145502408089	3	#F8766D
#F8766D	0.719518919291474	0.564016273295641	3	#F8766D
#F8766D	0.504652284788752	0.675745610099016	3	#F8766D
#F8766D	0.615790199186712	0.544871219599749	3	#F8766D
#F8766D	0.544627472603212	0.639399922223219	3	#F8766D
#F8766D	0.457267902681094	0.615169463639355	3	#F8766D
#F8766D	0.574436556620029	0.498653863412007	3	#F8766D
#F8766D	0.548073609483769	0.481154087768105	3	#F8766D
#F8766D	0.538079812530154	0.354617248496814	3	#F8766D
#F8766D	0.309428630505204	0.291797541057166	3	#F8766D
#F8766D	0.648356192707974	0.716279278470789	3	#F8766D
#F8766D	0.307877868908953	0.65540399054713	3	#F8766D
#F8766D	0.490350816734441	0.475619970684136	3	#F8766D
#00BFC4	0.262044248397546	0.523482604923868	3	#00BFC4
#F8766D	0.409021986353298	0.658096263723114	3	#F8766D
#F8766D	0.634227031497691	0.519145053695893	3	#F8766D
#00BFC4	0.285477979185333	0.437928146220348	3	#00BFC4
#F8766D	0.389723619822179	0.546067785455742	3	#F8766D
#F8766D	0.6726514577159	0.311391306949056	3	#F8766D
#F8766D	0.560307395409746	0.457372341380239	3	#F8766D
#00BFC4	0.263595009993797	0.402330312004547	3	#00BFC4
#00BFC4	0.351816114136053	0.213272906757606	3	#00BFC4
#F8766D	0.33527465710938	0.409808848604505	3	#F8766D
#F8766D	0.617168653938934	0.335173053336923	3	#F8766D
#F8766D	0.686436005238128	0.579122917227557	3	#F8766D
#00BFC4	0.338720793989937	0.45527835113225	3	#00BFC4
#F8766D	0.727961954648839	0.405172155912531	3	#F8766D
#00BFC4	0.558584326969467	0.477713960932125	3	#00BFC4
#F8766D	0.602694879040595	0.462906458464208	3	#F8766D
#F8766D	0.747777241712041	0.180217774985791	3	#F8766D
#F8766D	0.379212902336481	0.448098955996291	3	#F8766D
#00BFC4	0.270314976910883	0.585554458703521	3	#00BFC4
#00BFC4	0.23774898338962	0.521239043943881	3	#00BFC4
#00BFC4	0.300296367771728	0.60350294654342	3	#00BFC4
#00BFC4	0.372665242263423	0.494166741452033	3	#00BFC4
#F8766D	0.680749879385209	0.505982829279966	3	#F8766D
#F8766D	0.663519194982425	0.402928594932544	3	#F8766D
#F8766D	0.747777241712041	0.402031170540549	3	#F8766D
#F8766D	0.748466469088152	0.451090370636274	3	#F8766D
#F8766D	0.315631676890206	0.526922731759849	3	#F8766D
#F8766D	0.486043145633745	0.434488019384367	3	#F8766D
#F8766D	0.628368598800744	0.363890633880762	3	#F8766D
#F8766D	0.627851678268661	0.442415268180322	3	#F8766D
#F8766D	0.497070783651527	0.420727512040444	3	#F8766D
#00BFC4	0.281514921772693	0.379894702204673	3	#00BFC4
#F8766D	0.590461093114618	0.583011756259535	3	#F8766D
#F8766D	0.648011579019919	0.364040204612761	3	#F8766D
#F8766D	0.508098421669309	0.468590146280176	3	#F8766D
#F8766D	0.786718588462334	0.352672828980825	3	#F8766D
#F8766D	0.604245640636846	0.440620419396332	3	#F8766D
#F8766D	0.605107174856985	0.374510155852703	3	#F8766D
#F8766D	0.498276931559722	0.478910526788118	3	#F8766D
#00BFC4	0.131263353780412	0.449145951120285	3	#00BFC4
#F8766D	0.585981115169894	0.486837775584074	3	#F8766D
#F8766D	0.539802880970432	0.727497083370726	3	#F8766D
#00BFC4	0.286167206561445	0.304810194741093	3	#00BFC4
#F8766D	0.457267902681094	0.457521912112238	3	#F8766D
#00BFC4	0.310807085257426	0.375407580244698	3	#00BFC4
#F8766D	0.72623888620856	0.556836878159682	3	#F8766D
#F8766D	0.738128058446481	0.334126058212929	3	#F8766D
#F8766D	0.661968433386174	0.410556702264501	3	#F8766D
#F8766D	0.547039768419602	0.490128331688055	3	#F8766D
#F8766D	0.38886208560204	0.498653863412007	3	#F8766D
#F8766D	0.35284995520022	0.302716204493105	3	#F8766D
#F8766D	0.744158797987456	0.453034790152263	3	#F8766D
#F8766D	0.579261148252809	0.446603248676299	3	#F8766D
#F8766D	0.614928664966573	0.581964761135541	3	#F8766D
#F8766D	0.645943896891584	0.518845912231894	3	#F8766D
#F8766D	0.609587152801709	0.357758233868797	3	#F8766D
#F8766D	0.671962230339789	0.437180292560352	3	#F8766D
#F8766D	0.716072782410917	0.467393580424183	3	#F8766D
#00BFC4	0.222241367427114	0.420877082772443	3	#00BFC4
#F8766D	0.583741126197532	0.562670136707649	3	#F8766D
#F8766D	0.897684196016266	0.252759580005385	3	#F8766D
#00BFC4	0.198290716107244	0.355514672888809	3	#00BFC4
#F8766D	0.580811909849059	0.48743605851207	3	#F8766D
#F8766D	0.341822317182438	0.395300487600586	3	#F8766D
#F8766D	0.706595905989386	0.337715755780909	3	#F8766D
#00BFC4	0.365256047970225	0.40352687786054	3	#00BFC4
#F8766D	0.682128334137432	0.418184809596458	3	#F8766D
#F8766D	0.760355641326073	0.384680965628646	3	#F8766D
#00BFC4	0.101454269763595	0.564764126955637	3	#00BFC4
#F8766D	0.741574195327038	0.438825570612343	3	#F8766D
#F8766D	0.614928664966573	0.403377307128541	3	#F8766D
#F8766D	0.533082914053346	0.547862634239732	3	#F8766D
#F8766D	0.654214625404921	0.458419336504233	3	#F8766D
#00BFC4	0.312185540009649	0.4464536779443	3	#00BFC4
#F8766D	0.577710386656558	0.435535014508361	3	#F8766D
#00BFC4	0.435384933489558	0.224640282389542	3	#00BFC4
#00BFC4	0.384726721345372	0.359104370456789	3	#00BFC4
#F8766D	0.696774415879799	0.569999102575608	3	#F8766D
#00BFC4	0.552553587428493	0.385428819288642	3	#00BFC4
#00BFC4	0.310979392101454	0.347288282628855	3	#00BFC4
#00BFC4	0.0762974705355296	0.617263453887343	3	#00BFC4
#F8766D	0.597697980563788	0.564016273295641	3	#F8766D
#00BFC4	0.282721069680888	0.218956594573574	3	#00BFC4
#F8766D	0.539285960438349	0.531559424451823	3	#F8766D
#00BFC4	0.326142394375905	0.513012653683927	3	#00BFC4
#00BFC4	0.280998001240609	0.403078165664543	3	#00BFC4
#F8766D	0.566510441794748	0.512713512219929	3	#F8766D
#F8766D	0.478117030808464	0.587349307487511	3	#F8766D
#F8766D	0.660073058101868	0.527072302491848	3	#F8766D
#F8766D	0.565131987042525	0.521089473211882	3	#F8766D
#00BFC4	0.483458542973327	0.248721170241407	3	#00BFC4
#F8766D	0.235681301261286	0.629528253911275	3	#F8766D
#F8766D	0.496898476807499	0.613374614855365	3	#F8766D
#F8766D	0.521021434971397	0.56955039037961	3	#F8766D
#F8766D	0.338720793989937	0.527521014687846	3	#F8766D
#F8766D	0.686436005238128	0.370172604624727	3	#F8766D
#F8766D	0.599765662692122	0.531559424451823	3	#F8766D
#00BFC4	0.34009924874216	0.419381375452451	3	#00BFC4
#F8766D	0.798090840168172	0.348036136288851	3	#F8766D
#F8766D	0.608897925425598	0.349830985072841	3	#F8766D
#F8766D	0.844096767523606	0.287160848365192	3	#F8766D
#F8766D	0.705217451237163	0.489679619492058	3	#F8766D
#F8766D	0.590805706802674	0.502243560979987	3	#F8766D
#00BFC4	0.228099800124061	0.404424302252535	3	#00BFC4
#F8766D	0.642842373699083	0.446304107212301	3	#F8766D
#F8766D	0.609587152801709	0.64104520027521	3	#F8766D
#F8766D	0.559790474877662	0.411902838852493	3	#F8766D
#F8766D	0.295127162450893	0.515405785395914	3	#F8766D
#00BFC4	0.410400441105521	0.452586077956265	3	#00BFC4
#F8766D	0.744158797987456	0.402031170540549	3	#F8766D
#F8766D	0.587531876766145	0.383035687576655	3	#F8766D
#F8766D	0.60631332276518	0.570148673307607	3	#F8766D
#F8766D	0.648873113240058	0.286712136169194	3	#F8766D
#F8766D	0.667999172927149	0.469337999940172	3	#F8766D
#F8766D	0.572368874491695	0.43568458524036	3	#F8766D
#00BFC4	0.292025639258391	0.319916838673008	3	#00BFC4
#F8766D	0.602177958508512	0.375856292440695	3	#F8766D
#F8766D	0.558928940657523	0.506132400011966	3	#F8766D
#00BFC4	0.280653387552554	0.35536510215681	3	#00BFC4
#F8766D	0.512578399614033	0.505085404887971	3	#F8766D
#F8766D	0.601661037976428	0.484444643872087	3	#F8766D
#00BFC4	0.235681301261286	0.412351551048491	3	#00BFC4
#F8766D	0.538769039906265	0.587798019683508	3	#F8766D
#F8766D	0.805500034461369	0.542926800083759	3	#F8766D
#F8766D	0.514818388586395	0.577028926979569	3	#F8766D
#F8766D	0.578227307188641	0.541431092763768	3	#F8766D
#F8766D	0.375422151767868	0.470833707260163	3	#F8766D
#00BFC4	0.324591632779654	0.500897424391995	3	#00BFC4
#F8766D	0.631470121993246	0.480854946304107	3	#F8766D
#F8766D	0.847715211248191	0.523033892727871	3	#F8766D
#00BFC4	0.202770694051968	0.290451404469173	3	#00BFC4
#F8766D	0.327865462816183	0.474572975560142	3	#F8766D
#F8766D	0.294437935074781	0.610084058751383	3	#F8766D
#F8766D	0.383003652905093	0.757560800502558	3	#F8766D
#F8766D	0.707974360741609	0.253806575129379	3	#F8766D
#F8766D	0.40402508787649	0.552050614735708	3	#F8766D
#F8766D	0.470535529671239	0.559529151335666	3	#F8766D
#F8766D	0.604417947480874	0.479957521912112	3	#F8766D
#F8766D	0.659039217037701	0.415193394956475	3	#F8766D
#F8766D	0.588910331518368	0.41788566813246	3	#F8766D
#00BFC4	0.312702460541733	0.445705824284304	3	#00BFC4
#00BFC4	0.213281411537666	0.553845463519698	3	#00BFC4
#F8766D	0.567027362326832	0.476068682880134	3	#F8766D
#F8766D	0.675408367220346	0.49641030243202	3	#F8766D
#F8766D	0.548590530015852	0.56790511232762	3	#F8766D
#F8766D	0.357846853677028	0.373762302192707	3	#F8766D
#00BFC4	0.153490936660004	0.433291453528374	3	#00BFC4
#F8766D	0.356468398924805	0.430599180352389	3	#F8766D
#00BFC4	0.365256047970225	0.521239043943881	3	#00BFC4
#00BFC4	0.211730649941416	0.534550839091806	3	#00BFC4
#F8766D	0.580639603005031	0.663032097879087	3	#F8766D
#F8766D	0.301674822523951	0.53215770737982	3	#F8766D
#F8766D	0.294610241918809	0.577477639175566	3	#F8766D
#F8766D	0.297884071955338	0.443611834036316	3	#F8766D
#F8766D	0.622165552415742	0.433291453528374	3	#F8766D
#F8766D	0.314425528982011	0.636258936851237	3	#F8766D
#F8766D	0.447963333103591	0.475619970684136	3	#F8766D
#F8766D	0.491384657798608	0.668117502767058	3	#F8766D
#00BFC4	0.210869115721276	0.651365580783152	3	#00BFC4
#F8766D	0.290302570818113	0.510469951239941	3	#F8766D
#00BFC4	0.612171755462127	0.65719883933112	4	#00BFC4
#F8766D	0.569095044455166	0.420428370576446	4	#F8766D
#00BFC4	0.537907505686126	0.58570402943552	4	#00BFC4
#F8766D	0.694879040595493	0.430748751084388	4	#F8766D
#00BFC4	0.485009304569577	0.646728888091178	4	#00BFC4
#00BFC4	0.754152594941071	0.363890633880762	4	#00BFC4
#F8766D	0.58873802467434	0.553396751323701	4	#F8766D
#00BFC4	0.450547935764009	0.662882527147088	4	#00BFC4
#00BFC4	0.612688675994211	0.571943522091597	4	#00BFC4
#F8766D	0.465883244882487	0.54277722935176	4	#F8766D
#00BFC4	0.412468123233855	0.802731161566305	4	#00BFC4
#00BFC4	0.655765387001172	0.404424302252535	4	#00BFC4
#F8766D	0.779481701013164	0.406368721768524	4	#F8766D
#F8766D	0.634054724653663	0.590041580663496	4	#F8766D
#00BFC4	0.609759459645737	0.734526907774687	4	#00BFC4
#F8766D	0.447791026259563	0.498653863412007	4	#F8766D
#00BFC4	0.763974085050658	0.513012653683927	4	#00BFC4
#00BFC4	0.397477427803432	0.558781297675671	4	#00BFC4
#00BFC4	0.442621820938728	0.571046097699602	4	#00BFC4
#00BFC4	0.503790750568613	0.551302761075713	4	#00BFC4
#00BFC4	0.686436005238128	0.581665619671543	4	#00BFC4
#00BFC4	0.669205320835344	0.45527835113225	4	#00BFC4
#00BFC4	0.624060927700048	0.549358341559724	4	#00BFC4
#00BFC4	0.495003101523192	0.525277453707858	4	#00BFC4
#00BFC4	0.506719966917086	0.633267522211254	4	#00BFC4
#00BFC4	0.481046247156937	0.467393580424183	4	#00BFC4
#00BFC4	0.469673995451099	0.525576595171857	4	#00BFC4
#00BFC4	0.621648631883658	0.488483053636064	4	#00BFC4
#F8766D	0.852712109724998	0.494166741452033	4	#F8766D
#00BFC4	0.59511337790337	0.51420921953992	4	#00BFC4
#F8766D	0.800847749672617	0.468141434084178	4	#F8766D
#00BFC4	0.480701633468881	0.547114780579736	4	#00BFC4
#F8766D	0.622510166103798	0.30002393131712	4	#F8766D
#00BFC4	0.577882693500586	0.47502168775614	4	#00BFC4
#F8766D	0.429698807636639	0.674698614975022	4	#F8766D
#F8766D	0.689537528430629	0.709548595530826	4	#F8766D
#F8766D	0.417120408022607	0.631472673427264	4	#F8766D
#00BFC4	0.77345096147219	0.450641658440276	4	#00BFC4
#F8766D	0.62716245089255	0.465897873104191	4	#F8766D
#00BFC4	0.608897925425598	0.536794400071794	4	#00BFC4
#F8766D	0.596319525811565	0.529016722007837	4	#F8766D
#00BFC4	0.731408091529396	0.722860390678752	4	#00BFC4
#F8766D	0.568578123923082	0.478162673128122	4	#F8766D
#F8766D	0.638362395754359	0.34100631188489	4	#F8766D
#00BFC4	0.533255220897374	0.442415268180322	4	#00BFC4
#F8766D	0.704183610172996	0.291647970325167	4	#F8766D
#00BFC4	0.394892825143015	0.613374614855365	4	#00BFC4
#00BFC4	0.676097594596457	0.565063268419636	4	#00BFC4
#F8766D	0.479840099248742	0.512115229291932	4	#F8766D
#00BFC4	0.774484802536357	0.578823775763558	4	#00BFC4
#F8766D	0.709180508649804	0.278934458105238	4	#F8766D
#00BFC4	0.494313874147081	0.651066439319154	4	#00BFC4
#F8766D	0.666793025018954	0.240046067785456	4	#F8766D
#00BFC4	0.540664415190571	0.502841843907984	4	#00BFC4
#00BFC4	0.407298917913019	0.528867151275838	4	#00BFC4
#00BFC4	0.200530705079606	0.284468575189207	4	#00BFC4
#00BFC4	0.535667516713764	0.459765473092225	4	#00BFC4
#00BFC4	0.804466193397202	0.351625833856831	4	#00BFC4
#F8766D	0.40488662209663	0.500299141463998	4	#F8766D
#F8766D	0.720380453511614	0.333079063088935	4	#F8766D
#00BFC4	0.666448411330898	0.317374136229023	4	#00BFC4
#00BFC4	0.658522296505617	0.472329414580155	4	#00BFC4
#00BFC4	0.404369701564546	0.597520117263454	4	#00BFC4
#00BFC4	0.518092218622924	0.424466780340423	4	#00BFC4
#00BFC4	0.145220208146668	0.562221424511652	4	#00BFC4
#00BFC4	0.64473774898339	0.570148673307607	4	#00BFC4
#00BFC4	0.792060100627197	0.552200185467708	4	#00BFC4
#00BFC4	0.636639327314081	0.621601005115319	4	#00BFC4
#00BFC4	0.380246743400648	0.528867151275838	4	#00BFC4
#00BFC4	0.296850230891171	0.560127434263663	4	#00BFC4
#F8766D	0.653870011716865	0.527670585419845	4	#F8766D
#00BFC4	0.606830243297264	0.599614107511442	4	#00BFC4
#F8766D	0.650940795368392	0.503440126835981	4	#F8766D
#00BFC4	0.611654834930043	0.382886116844656	4	#00BFC4
#00BFC4	0.566682748638776	0.572990517215591	4	#00BFC4
#00BFC4	0.57512578399614	0.329638936252954	4	#00BFC4
#00BFC4	0.489489282514301	0.502093990247988	4	#00BFC4
#00BFC4	0.32648700806396	0.420877082772443	4	#00BFC4
#00BFC4	0.521193741815425	0.486089921924078	4	#00BFC4
#00BFC4	0.497415397339582	0.307801609381076	4	#00BFC4
#00BFC4	0.565993521262665	0.468141434084178	4	#00BFC4
#00BFC4	0.772417120408023	0.260537258069341	4	#00BFC4
#F8766D	0.48483699772555	0.481901941428101	4	#F8766D
#00BFC4	0.904404162933352	0.0454545454545455	4	#00BFC4
#00BFC4	0.602694879040595	0.420877082772443	4	#00BFC4
#00BFC4	0.0454545454545454	0.408612282748512	4	#00BFC4
#F8766D	0.423495761251637	0.525127882975859	4	#F8766D
#F8766D	0.495864635743332	0.615019892907356	4	#F8766D
#00BFC4	0.53273830036529	0.633417092943253	4	#00BFC4
#00BFC4	0.14901095871528	0.640147775883215	4	#00BFC4
#00BFC4	0.543421324695017	0.699377785754883	4	#00BFC4
#F8766D	0.65266386380867	0.6607885368991	4	#F8766D
#00BFC4	0.570990419739472	0.542029375691765	4	#00BFC4
#F8766D	0.569439658143222	0.571644380627599	4	#F8766D
#00BFC4	0.56875043076711	0.440620419396332	4	#00BFC4
#00BFC4	0.16658625680612	0.593930419695474	4	#00BFC4
#00BFC4	0.585636501481839	0.476218253612133	4	#00BFC4
#00BFC4	0.573230408711834	0.613075473391367	4	#00BFC4
#F8766D	0.55996278172169	0.566409405007628	4	#F8766D
#00BFC4	0.546695154731546	0.601109814831434	4	#00BFC4
#00BFC4	0.401268178372045	0.623694995363307	4	#00BFC4
#00BFC4	0.444689503067062	0.418932663256454	4	#00BFC4
#F8766D	0.750017230684403	0.449893804780281	4	#F8766D
#00BFC4	0.173306223723206	0.446603248676299	4	#00BFC4
#00BFC4	0.410572747949549	0.54995662448772	4	#00BFC4
#00BFC4	0.597697980563788	0.482649795088097	4	#00BFC4
#00BFC4	0.420738851747191	0.553396751323701	4	#00BFC4
#00BFC4	0.374388310703701	0.781641688354423	4	#00BFC4
#00BFC4	0.419877317527052	0.449744234048281	4	#00BFC4
#00BFC4	0.45364945895651	0.678437883275001	4	#00BFC4
#00BFC4	0.376455992832035	0.517649346375901	4	#00BFC4
#00BFC4	0.403680474188435	0.472030273116157	4	#00BFC4
#00BFC4	0.188296919153629	0.467543151156182	4	#00BFC4
#00BFC4	0.344406919842856	0.538290107391786	4	#00BFC4
#00BFC4	0.554621269556827	0.634314517335248	4	#00BFC4
#00BFC4	0.548590530015852	0.341754165544886	4	#00BFC4
#F8766D	0.682989868357571	0.228379550689521	4	#F8766D
#00BFC4	0.564442759666414	0.419530946184451	4	#00BFC4
#F8766D	0.433834171893308	0.475619970684136	4	#F8766D
#00BFC4	0.650940795368392	0.611280624607377	4	#00BFC4
#00BFC4	0.546178234199462	0.542029375691765	4	#00BFC4
#00BFC4	0.465883244882487	0.498354721948009	4	#00BFC4
#00BFC4	0.664036115514508	0.219255736037572	4	#00BFC4
#00BFC4	0.579605761940864	0.595126985551467	4	#00BFC4
#00BFC4	0.281170308084637	0.451987795028269	4	#00BFC4
#F8766D	0.703322075952857	0.402629453468545	4	#F8766D
#F8766D	0.314597835826039	0.512713512219929	4	#F8766D
#00BFC4	0.547384382107657	0.534849980555805	4	#00BFC4
#00BFC4	0.465883244882487	0.680831014986987	4	#00BFC4
#00BFC4	0.56633813495072	0.783286966406413	4	#00BFC4
#00BFC4	0.295644082982976	0.625788985611295	4	#00BFC4
#00BFC4	0.10266041767179	0.434188877920368	4	#00BFC4
#F8766D	0.600971810600317	0.252909150737384	4	#F8766D
#00BFC4	0.416431180646495	0.464103024320201	4	#00BFC4
#00BFC4	0.462954028534013	0.586152741631517	4	#00BFC4
#00BFC4	0.694879040595493	0.52138861467588	4	#00BFC4
#00BFC4	0.444172582534978	0.416539531544467	4	#00BFC4
#00BFC4	0.599076435316011	0.325750097220976	4	#00BFC4
#00BFC4	0.569611964987249	0.349232702144844	4	#00BFC4
#00BFC4	0.551692053208353	0.430150468156391	4	#00BFC4
#00BFC4	0.664036115514508	0.512863082951928	4	#00BFC4
#F8766D	0.788269350058584	0.326946663076969	4	#F8766D
#F8766D	0.686436005238128	0.362394926560771	4	#F8766D
#00BFC4	0.648011579019919	0.508525531723952	4	#00BFC4
#00BFC4	0.631987042525329	0.513311795147925	4	#00BFC4
#F8766D	0.606485629609208	0.286263423973197	4	#F8766D
#00BFC4	0.452615617892343	0.545319931795746	4	#00BFC4
#00BFC4	0.726066579364532	0.50358969756798	4	#00BFC4
#F8766D	0.650251567992281	0.306605043525083	4	#F8766D
#F8766D	0.70470053070508	0.479658380448114	4	#F8766D
#F8766D	0.569095044455166	0.442116126716324	4	#F8766D
#00BFC4	0.498966158935833	0.380492985132669	4	#00BFC4
#00BFC4	0.593045695775036	0.545918214723743	4	#00BFC4
#00BFC4	0.494313874147081	0.675446468635017	4	#00BFC4
#00BFC4	0.376283685988007	0.581516048939543	4	#00BFC4
#00BFC4	0.587014956234062	0.528268868347842	4	#00BFC4
#00BFC4	0.226204424839755	0.714035717490801	4	#00BFC4
#00BFC4	0.377145220208147	0.61068234167938	4	#00BFC4
#00BFC4	0.660417671789923	0.357459092404798	4	#00BFC4
#00BFC4	0.425218829691915	0.59467827335547	4	#00BFC4
#00BFC4	0.518781445999035	0.562670136707649	4	#00BFC4
#00BFC4	0.602867185884623	0.465299590176194	4	#00BFC4
#00BFC4	0.428492659728444	0.55534117083969	4	#00BFC4
#00BFC4	0.414708112206217	0.732432917526698	4	#00BFC4
#F8766D	0.607174856985319	0.595874839211463	4	#F8766D
#00BFC4	0.293921014542698	0.699676927218882	4	#00BFC4
#F8766D	0.616134812874767	0.395450058332585	4	#F8766D
#00BFC4	0.407988145289131	0.581216907475545	4	#00BFC4
#00BFC4	0.476738576056241	0.719420263842771	4	#00BFC4
#00BFC4	0.434695706113447	0.503290556103982	4	#00BFC4
#00BFC4	0.743641877455372	0.372565736336714	4	#00BFC4
#00BFC4	0.598387207939899	0.58390918065153	4	#00BFC4
#00BFC4	0.61355021021435	0.601259385563433	4	#00BFC4
#00BFC4	0.5	0.669164497891053	4	#00BFC4
#00BFC4	0.371114480667172	0.532755990307817	4	#00BFC4
#00BFC4	0.537907505686126	0.719121122378773	4	#00BFC4
#00BFC4	0.489316975670274	0.45183822429627	4	#00BFC4
#00BFC4	0.317182438486457	0.611729336803374	4	#00BFC4
#00BFC4	0.222413674271142	0.352971970444823	4	#00BFC4
#00BFC4	0.526018333448204	0.481453229232104	4	#00BFC4
#00BFC4	0.460369425873596	0.506431541475964	4	#00BFC4
#F8766D	0.693155972155214	0.498953004876006	4	#F8766D
#00BFC4	0.354400716796471	0.625489844147297	4	#00BFC4
#00BFC4	0.408332758977187	0.400685033952556	4	#00BFC4
#F8766D	0.581845750913226	0.363741063148763	4	#F8766D
#00BFC4	0.720725067199669	0.472179843848156	4	#00BFC4
#F8766D	0.850472120752636	0.419082233988453	4	#F8766D
#00BFC4	0.6287132124888	0.656600556403123	4	#00BFC4
#F8766D	0.565993521262665	0.446603248676299	4	#F8766D
#00BFC4	0.541525949410711	0.661386819827096	4	#00BFC4
#00BFC4	0.563753532290303	0.513910078075922	4	#00BFC4
#00BFC4	0.521710662347508	0.503888839031978	4	#00BFC4
#00BFC4	0.543421324695017	0.492671034132041	4	#00BFC4
#F8766D	0.656110000689227	0.534102126895809	4	#F8766D
#00BFC4	0.514129161210283	0.509722097579945	4	#00BFC4
#00BFC4	0.539458267282376	0.502991414639983	4	#00BFC4
#00BFC4	0.587014956234062	0.549358341559724	4	#00BFC4
#00BFC4	0.407298917913019	0.656899697867121	4	#00BFC4
#00BFC4	0.710731270246054	0.477115678004128	4	#00BFC4
#00BFC4	0.351988420980081	0.444509258428311	4	#00BFC4
#00BFC4	0.510855331173754	0.616665170959347	4	#00BFC4
#00BFC4	0.53359983458543	0.656450985671124	4	#00BFC4
#00BFC4	0.453994072644565	0.587349307487511	4	#00BFC4
#00BFC4	0.627851678268661	0.365835053396751	4	#00BFC4
#00BFC4	0.521538355503481	0.592285141643483	4	#00BFC4
#00BFC4	0.62630091667241	0.644186185647192	4	#00BFC4
#00BFC4	0.630436280929078	0.588246731879506	4	#00BFC4
#00BFC4	0.636122406781997	0.533503843967812	4	#00BFC4
#00BFC4	0.504135364256668	0.529315863471836	4	#00BFC4
#00BFC4	0.436246467709697	0.638801639295223	4	#00BFC4
#00BFC4	0.49758770418361	0.666621795447067	4	#00BFC4
#00BFC4	0.537907505686126	0.543824224475755	4	#00BFC4
#F8766D	0.681439106761321	0.286263423973197	4	#F8766D
#00BFC4	0.600627196912261	0.471880702384157	4	#00BFC4
#00BFC4	0.65352539802881	0.458419336504233	4	#00BFC4
#00BFC4	0.498793852091805	0.472329414580155	4	#00BFC4
#00BFC4	0.596147218967537	0.517649346375901	4	#00BFC4
#00BFC4	0.618202495003102	0.645083610039187	4	#00BFC4
#F8766D	0.657143841753394	0.3393610338329	4	#F8766D
#00BFC4	0.475532428148046	0.424466780340423	4	#00BFC4
#F8766D	0.564442759666414	0.486538634120075	4	#F8766D
#00BFC4	0.471913984423461	0.642540907595202	4	#00BFC4
#00BFC4	0.692294437935075	0.597520117263454	4	#00BFC4
#F8766D	0.560652009097801	0.447201531604296	4	#F8766D
#00BFC4	0.689709835274657	0.432394029136379	4	#00BFC4
#F8766D	0.557033565373217	0.422073648628436	4	#F8766D
#F8766D	0.64870080639603	0.364638487540758	4	#F8766D
#00BFC4	0.754324901785099	0.428355619372401	4	#00BFC4
#F8766D	0.571679647115583	0.31782284842502	4	#F8766D
#00BFC4	0.389723619822179	0.677091746687008	4	#00BFC4
#F8766D	0.536184437245847	0.515405785395914	4	#F8766D
#F8766D	0.567371976014887	0.41429597056448	4	#F8766D
#00BFC4	0.586842649390034	0.584058751383529	4	#00BFC4
#00BFC4	0.442104900406644	0.650916868587155	4	#00BFC4
#F8766D	0.56875043076711	0.374510155852703	4	#F8766D
#00BFC4	0.490867737266524	0.5713452391636	4	#00BFC4
#00BFC4	0.623371700323937	0.488183912172066	4	#00BFC4
#00BFC4	0.451754083672203	0.583011756259535	4	#00BFC4
#00BFC4	0.361982217933696	0.36598462412875	4	#00BFC4
#00BFC4	0.523778344475843	0.544272936671752	4	#00BFC4
#00BFC4	0.179853883796264	0.637754644171229	4	#00BFC4
#00BFC4	0.511716865393893	0.538888390319782	4	#00BFC4
#00BFC4	0.406954304224964	0.545918214723743	4	#00BFC4
#00BFC4	0.578916534564753	0.616515600227347	4	#00BFC4
#00BFC4	0.52636294713626	0.527521014687846	4	#00BFC4
#00BFC4	0.543249017850989	0.505982829279966	4	#00BFC4
#F8766D	0.472603211799573	0.459765473092225	4	#F8766D
#00BFC4	0.663002274450341	0.666621795447067	4	#00BFC4
#00BFC4	0.471569370735406	0.575084507463579	4	#00BFC4
#00BFC4	0.521538355503481	0.589144156271501	4	#00BFC4
#F8766D	0.441415673030533	0.345343863112866	4	#F8766D
#00BFC4	0.533082914053346	0.307652038649077	4	#00BFC4
#F8766D	0.430560341856779	0.487585629244069	4	#F8766D
#00BFC4	0.287545661313667	0.467244009692183	4	#00BFC4
#F8766D	0.645599283203529	0.434188877920368	4	#F8766D
#00BFC4	0.687814459990351	0.479060097520117	4	#00BFC4
#00BFC4	0.60872561858157	0.523333034191869	4	#00BFC4
#00BFC4	0.449514094699841	0.546666068383739	4	#00BFC4
#00BFC4	0.584258046729616	0.720766400430764	4	#00BFC4
#00BFC4	0.467089392790682	0.570746956235604	4	#00BFC4
#F8766D	0.572196567647667	0.467692721888181	4	#F8766D
#00BFC4	0.427631125508305	0.656151844207125	4	#00BFC4
#F8766D	0.552036666896409	0.448098955996291	4	#F8766D
#00BFC4	0.751740299124681	0.490577043884053	4	#00BFC4
#F8766D	0.954545454545455	0.390364653444614	4	#F8766D
#F8766D	0.594251843683231	0.366882048520745	4	#F8766D
#F8766D	0.212419877317527	0.64104520027521	4	#F8766D
#00BFC4	0.62233785925977	0.545020790331748	4	#00BFC4
#F8766D	0.457957130057206	0.43030003888839	4	#F8766D
#F8766D	0.558584326969467	0.513610936611924	4	#F8766D
#00BFC4	0.392480529326625	0.367181189984744	4	#00BFC4
#00BFC4	0.529119856640706	0.706407610158844	4	#00BFC4
#F8766D	0.622510166103798	0.454081785276257	4	#F8766D
#00BFC4	0.498621545247777	0.594379131891471	4	#00BFC4
#00BFC4	0.520504514439313	0.385877531484639	4	#00BFC4
#00BFC4	0.235508994417258	0.572541805019594	4	#00BFC4
#00BFC4	0.498793852091805	0.723608244338748	4	#00BFC4
#00BFC4	0.609070232269626	0.523033892727871	4	#00BFC4
#00BFC4	0.496381556275415	0.450342516976278	4	#00BFC4
#00BFC4	0.445723344131229	0.553845463519698	4	#00BFC4
#00BFC4	0.346129988283135	0.631921385623261	4	#00BFC4
#00BFC4	0.566855055482804	0.367480331448742	4	#00BFC4
#F8766D	0.697635950099938	0.294938526429148	4	#F8766D
#F8766D	0.508959955889448	0.476367824344132	4	#F8766D
#00BFC4	0.606657936453236	0.66422866373508	4	#00BFC4
#00BFC4	0.420566544903163	0.458718477968231	4	#00BFC4
#00BFC4	0.562891998070163	0.473376409704149	4	#00BFC4
#00BFC4	0.340271555586188	0.685916419874959	4	#00BFC4
#F8766D	0.518092218622924	0.626237697807293	4	#F8766D
#F8766D	0.565821214418637	0.404274731520536	4	#F8766D
#00BFC4	0.438486456682059	0.691749678422926	4	#00BFC4
#F8766D	0.403163553656351	0.604998653863412	4	#F8766D
#00BFC4	0.590116479426563	0.412800263244488	4	#00BFC4
#F8766D	0.669205320835344	0.368228185108738	4	#F8766D
#F8766D	0.461058653249707	0.456474916988244	4	#F8766D
#F8766D	0.692122131091047	0.414146399832481	4	#F8766D
#00BFC4	0.45123716314012	0.455128780400251	4	#00BFC4
#F8766D	0.525846026604177	0.569251248915612	4	#F8766D
#00BFC4	0.361292990557585	0.530213287863831	4	#00BFC4
#F8766D	0.715383555034806	0.563417990367645	4	#F8766D
#00BFC4	0.50482459163278	0.369275180232732	4	#00BFC4
#00BFC4	0.544282858915156	0.607840497771396	4	#00BFC4
#00BFC4	0.430732648700806	0.577926351371564	4	#00BFC4
#00BFC4	0.396443586739265	0.576879356247569	4	#00BFC4
#00BFC4	0.65352539802881	0.567605970863621	4	#00BFC4
#F8766D	0.521366048659453	0.476367824344132	4	#F8766D
#00BFC4	0.541181335722655	0.456026204792246	4	#00BFC4
#00BFC4	0.477772417120408	0.954545454545454	4	#00BFC4
#F8766D	0.386966710317734	0.468291004816178	4	#F8766D
#F8766D	0.620442483975464	0.493568458524036	4	#F8766D
#00BFC4	0.541525949410711	0.558631726943672	4	#00BFC4
#00BFC4	0.431594182920946	0.525576595171857	4	#00BFC4
#00BFC4	0.511544558549866	0.556238595231685	4	#00BFC4
#00BFC4	0.656454614377283	0.407864429088516	4	#00BFC4
#F8766D	0.549279757391964	0.555789883035688	4	#F8766D
#00BFC4	0.493796953614998	0.52138861467588	4	#00BFC4
#F8766D	0.714522020814667	0.236306799485477	4	#F8766D
#00BFC4	0.674546833000207	0.357309521672799	4	#00BFC4
#00BFC4	0.396443586739265	0.456774058452242	4	#00BFC4
#00BFC4	0.465366324350403	0.508675102455951	4	#00BFC4
#00BFC4	0.441415673030533	0.689057405246941	4	#00BFC4
#00BFC4	0.464677096974292	0.69997606868288	4	#00BFC4
#00BFC4	0.416948101178579	0.543525083011756	4	#00BFC4
#00BFC4	0.445895650975257	0.809162703042269	4	#00BFC4
#00BFC4	0.521193741815425	0.545619073259744	4	#00BFC4
#00BFC4	0.32889930388035	0.673502049119028	4	#00BFC4
#00BFC4	0.546522847887518	0.59452870262347	4	#00BFC4
#00BFC4	0.617168653938934	0.549358341559724	4	#00BFC4
#00BFC4	0.3712867875112	0.626237697807293	4	#00BFC4
#00BFC4	0.496726169963471	0.582862185527536	4	#00BFC4
#00BFC4	0.556861258529189	0.454081785276257	4	#00BFC4
#00BFC4	0.521538355503481	0.444957970624308	4	#00BFC4
#00BFC4	0.567027362326832	0.522435609799874	4	#00BFC4
#00BFC4	0.570990419739472	0.798393610338329	4	#00BFC4
#00BFC4	0.60631332276518	0.586302312363517	4	#00BFC4
#00BFC4	0.683506788889655	0.63386580513925	4	#00BFC4
#00BFC4	0.65111310221242	0.584357892847527	4	#00BFC4
#00BFC4	0.330966986008684	0.479957521912112	4	#00BFC4
#00BFC4	0.416258873802467	0.327694516736965	4	#00BFC4
#F8766D	0.407298917913019	0.325301385024978	4	#F8766D
#00BFC4	0.542559790474878	0.41968051691645	4	#00BFC4
#00BFC4	0.410745054793576	0.501645278051991	4	#00BFC4
#00BFC4	0.36404990006203	0.463803882856203	4	#00BFC4
#00BFC4	0.721931215107864	0.311540877681055	4	#00BFC4
#00BFC4	0.658866910193673	0.422522360824434	4	#00BFC4
#00BFC4	0.589771865738507	0.538140536659786	4	#00BFC4
#00BFC4	0.457440209525122	0.435834155972359	4	#00BFC4
#00BFC4	0.299434833551589	0.459615902360226	4	#00BFC4
#00BFC4	0.445723344131229	0.618310449011337	4	#00BFC4
#00BFC4	0.664036115514508	0.338314038708905	4	#00BFC4
#00BFC4	0.517058377558757	0.570447814771605	4	#00BFC4
#00BFC4	0.458474050589289	0.572392234287595	4	#00BFC4
#00BFC4	0.341994624026466	0.618609590475336	4	#00BFC4
#00BFC4	0.53515059618168	0.659891112507105	4	#00BFC4
#00BFC4	0.622682472947825	0.653010858835143	4	#00BFC4
#00BFC4	0.611654834930043	0.457521912112238	4	#00BFC4
#00BFC4	0.222069060583086	0.551153190343713	4	#00BFC4
#00BFC4	0.386622096629678	0.585255317239523	4	#00BFC4
#00BFC4	0.378179061272314	0.638053785635227	4	#00BFC4
#00BFC4	0.424701909159832	0.541730234227766	4	#00BFC4
#00BFC4	0.567027362326832	0.689954829638936	4	#00BFC4
#00BFC4	0.745709559583707	0.391411648568608	4	#00BFC4
#F8766D	0.674029912468123	0.264874809297317	4	#F8766D
#00BFC4	0.574264249776001	0.491624039008047	4	#00BFC4
#F8766D	0.650768488524364	0.352224116784828	4	#F8766D
#00BFC4	0.44486180991109	0.415342965688474	4	#00BFC4
#00BFC4	0.667137638707009	0.5714948098956	4	#00BFC4
#00BFC4	0.809463091874009	0.580618624547548	4	#00BFC4
#00BFC4	0.537735198842098	0.68397200035897	4	#00BFC4
#00BFC4	0.467434006478737	0.607840497771396	4	#00BFC4
#F8766D	0.61751326762699	0.576281073319573	4	#F8766D
#00BFC4	0.585636501481839	0.338014897244907	4	#00BFC4
#00BFC4	0.671962230339789	0.562221424511652	4	#00BFC4
#00BFC4	0.532221379833207	0.562370995243651	4	#00BFC4
#00BFC4	0.507581501137225	0.506431541475964	4	#00BFC4
#00BFC4	0.633193190433524	0.508076819527955	4	#00BFC4
#00BFC4	0.560996622785857	0.513910078075922	4	#00BFC4
#00BFC4	0.521193741815425	0.584657034311526	4	#00BFC4
#00BFC4	0.512406092770005	0.586302312363517	4	#00BFC4
#00BFC4	0.540319801502516	0.556986448891681	4	#00BFC4
#00BFC4	0.541181335722655	0.688010410122947	4	#00BFC4
#00BFC4	0.518092218622924	0.675745610099016	4	#00BFC4
#00BFC4	0.545661313667379	0.545170361063747	4	#00BFC4
#00BFC4	0.506030739540975	0.493418887792037	4	#00BFC4
#00BFC4	0.651630022744503	0.251263872685393	4	#00BFC4
#00BFC4	0.476221655524157	0.617562595351342	4	#00BFC4
#00BFC4	0.492590805706803	0.609784917287385	4	#00BFC4
#00BFC4	0.607864084361431	0.568952107451614	4	#00BFC4
#00BFC4	0.590805706802674	0.468141434084178	4	#00BFC4
#00BFC4	0.570473499207389	0.41250112178049	4	#00BFC4
#00BFC4	0.509649183265559	0.589443297735499	4	#00BFC4
#00BFC4	0.520504514439313	0.422821502288432	4	#00BFC4
#00BFC4	0.574953477152113	0.283421580065213	4	#00BFC4
#00BFC4	0.491729271486663	0.495363307308026	4	#00BFC4
#00BFC4	0.702460541732718	0.460064614556224	4	#00BFC4
#00BFC4	0.596836446343649	0.421774507164438	4	#00BFC4
#00BFC4	0.495520022055276	0.323955248436986	4	#00BFC4
#00BFC4	0.644220828451306	0.490427473152054	4	#00BFC4
#00BFC4	0.547901302639741	0.376305004636693	4	#00BFC4
#00BFC4	0.566682748638776	0.416838673008466	4	#00BFC4
#00BFC4	0.526707560824316	0.69100182476293	4	#00BFC4
#00BFC4	0.619408642911296	0.244533189745431	4	#00BFC4
#00BFC4	0.56237507753808	0.444210116964312	4	#00BFC4
#00BFC4	0.454683300020677	0.493418887792037	4	#00BFC4
#00BFC4	0.694534426907437	0.631472673427264	4	#00BFC4
#00BFC4	0.40884967950927	0.769077746866493	4	#00BFC4
#F8766D	0.628196291956716	0.586152741631517	4	#F8766D
#F8766D	0.584947274105727	0.600511531903437	4	#F8766D
#00BFC4	0.412640430077883	0.466197014568189	4	#00BFC4
#00BFC4	0.78378937211386	0.481602799964103	4	#00BFC4
#F8766D	0.605279481701013	0.524529600047863	4	#F8766D
#00BFC4	0.650251567992281	0.525875736635855	4	#00BFC4
#00BFC4	0.651802329588531	0.431347034012384	4	#00BFC4
#00BFC4	0.520332207595286	0.504187980495976	4	#00BFC4
#00BFC4	0.696257495347715	0.494316312184032	4	#00BFC4
#00BFC4	0.676614515128541	0.515405785395914	4	#00BFC4
#00BFC4	0.726755806740644	0.628182117323282	4	#00BFC4
#00BFC4	0.712109724998277	0.290900116665171	4	#00BFC4
#00BFC4	0.647666965331863	0.455577492596249	4	#00BFC4
#00BFC4	0.584258046729616	0.314681863053038	4	#00BFC4
#00BFC4	0.552208973740437	0.48399593167609	4	#00BFC4
#00BFC4	0.32011165483493	0.474872117024141	4	#00BFC4
#00BFC4	0.678509890412847	0.442714409644321	4	#00BFC4
#00BFC4	0.68230064098146	0.402779024200544	4	#00BFC4
