fill,x,y,showSelected,PANEL,group
#F8766D,0.525914273763844,0.388569804660624,FC.Mariano Rivera,1,1
#F8766D,0.472812744367055,0.516303209787909,FC.Mariano Rivera,1,1
#F8766D,0.40352615977741,0.446752819408298,FC.Mariano Rivera,1,1
#F8766D,0.577197257633345,0.493718029256035,FC.Mariano Rivera,1,1
#F8766D,0.356789539726127,0.263528672709324,FC.Mariano Rivera,1,1
#F8766D,0.543736019931259,0.307801609381076,FC.Mariano Rivera,1,1
#F8766D,0.512820745967375,0.461560321876215,FC.Mariano Rivera,1,1
#F8766D,0.524459437342014,0.629976966107272,FC.Mariano Rivera,1,1
#F8766D,0.475904271763444,0.490577043884053,FC.Mariano Rivera,1,1
#F8766D,0.549009801960392,0.469487570672171,FC.Mariano Rivera,1,1
#F8766D,0.616659695575479,0.464103024320201,FC.Mariano Rivera,1,1
#F8766D,0.408254378148357,0.418932663256454,FC.Mariano Rivera,1,1
#F8766D,0.437714815690411,0.572242663555595,FC.Mariano Rivera,1,1
#F8766D,0.157295095382713,0.486089921924078,FF.Mariano Rivera,1,2
#F8766D,0.561375911545946,0.620703580723324,FC.Mariano Rivera,1,1
#00BFC4,0.454809143646911,0.467393580424183,FF.Phil Hughes,1,4
#00BFC4,0.442806743166815,0.525576595171857,FF.Phil Hughes,1,4
#00BFC4,0.603202458673553,0.488483053636064,FF.Phil Hughes,1,4
#00BFC4,0.847069413882777,0.494166741452033,FC.Phil Hughes,1,3
#00BFC4,0.575196857553329,0.51420921953992,FF.Phil Hughes,1,4
#00BFC4,0.79233119351143,0.468141434084178,FC.Phil Hughes,1,3
#00BFC4,0.454445434541454,0.547114780579736,FF.Phil Hughes,1,4
#00BFC4,0.440442633981342,0.463504741392204,FF.Phil Hughes,1,4
#00BFC4,0.676126134317773,0.548012204971731,FC.Phil Hughes,1,3
#00BFC4,0.416074123915692,0.611280624607377,FC.Phil Hughes,1,3
#00BFC4,0.430440633581262,0.471880702384157,FF.Phil Hughes,1,4
#00BFC4,0.323873865682227,0.839824703102097,FF.Phil Hughes,1,4
#00BFC4,0.514821146047391,0.58570402943552,FF.Phil Hughes,1,4
#00BFC4,0.680490643583262,0.430748751084388,FC.Phil Hughes,1,3
#00BFC4,0.475722417210715,0.437629004756349,FC.Phil Hughes,1,3
#00BFC4,0.458991798359672,0.381988692452661,FF.Phil Hughes,1,4
#00BFC4,0.232764734765135,0.43030003888839,FF.Phil Hughes,1,4
#00BFC4,0.556102129516812,0.373612731460708,FC.Phil Hughes,1,3
#00BFC4,0.221307897943225,0.40173202907655,FF.Phil Hughes,1,4
#00BFC4,0.458991798359672,0.646728888091178,FF.Phil Hughes,1,4
#00BFC4,0.743048609721944,0.363890633880762,FF.Phil Hughes,1,4
#00BFC4,0.568468239102366,0.553396751323701,FC.Phil Hughes,1,3
#00BFC4,0.252768735565295,0.462906458464208,FF.Phil Hughes,1,4
#00BFC4,0.548646092854935,0.714783571150797,FF.Phil Hughes,1,4
#00BFC4,0.569923075524196,0.494166741452033,FC.Phil Hughes,1,3
#00BFC4,0.60211133135718,0.48040623410811,FF.Phil Hughes,1,4
#00BFC4,0.423166451472113,0.563866702563642,FF.Phil Hughes,1,4
#00BFC4,0.627389114186474,0.459167190164229,FC.Phil Hughes,1,3
#00BFC4,0.187301096582953,0.481154087768105,FF.Phil Hughes,1,4
#00BFC4,0.481905472003492,0.633267522211254,FF.Phil Hughes,1,4
#00BFC4,0.478813944607103,0.551302761075713,FF.Phil Hughes,1,4
#00BFC4,0.671579770499554,0.581665619671543,FF.Phil Hughes,1,4
#00BFC4,0.653394315226682,0.45527835113225,FF.Phil Hughes,1,4
#00BFC4,0.605748422411755,0.549358341559724,FF.Phil Hughes,1,4
#00BFC4,0.469539362417938,0.525277453707858,FF.Phil Hughes,1,4
#00BFC4,0.382431031660878,0.802731161566305,FF.Phil Hughes,1,4
#00BFC4,0.639209660113841,0.404424302252535,FF.Phil Hughes,1,4
#00BFC4,0.769781228973067,0.406368721768524,FC.Phil Hughes,1,3
#00BFC4,0.616295986470021,0.590041580663496,FC.Phil Hughes,1,3
#00BFC4,0.590654494535271,0.734526907774687,FF.Phil Hughes,1,4
#00BFC4,0.419711214970267,0.498653863412007,FC.Phil Hughes,1,3
#00BFC4,0.753414319227482,0.513012653683927,FF.Phil Hughes,1,4
#00BFC4,0.525732419211115,0.549657483023722,FC.Phil Hughes,1,3
#00BFC4,0.555374711305898,0.511217804899937,FF.Phil Hughes,1,4
#00BFC4,0.440806343086799,0.808414849382273,FF.Phil Hughes,1,4
#00BFC4,0.611204058993617,0.619806156331329,FF.Phil Hughes,1,4
#00BFC4,0.38061248613359,0.667668790571061,FC.Phil Hughes,1,3
#00BFC4,0.609749222571787,0.60170809775943,FF.Phil Hughes,1,4
#00BFC4,0.40207132335558,0.397544048580574,FF.Phil Hughes,1,4
#00BFC4,0.58792667624434,0.606494361183403,FC.Phil Hughes,1,3
#00BFC4,0.41498299659932,0.576430644051572,FC.Phil Hughes,1,3
#00BFC4,0.511184054992817,0.629976966107272,FF.Phil Hughes,1,4
#00BFC4,0.551373911145866,0.654506566155135,FC.Phil Hughes,1,3
#00BFC4,0.509911073123716,0.442415268180322,FF.Phil Hughes,1,4
#00BFC4,0.690310789430613,0.291647970325167,FC.Phil Hughes,1,3
#00BFC4,0.363881867282547,0.613374614855365,FF.Phil Hughes,1,4
#00BFC4,0.596291985669861,0.632370097819259,FC.Phil Hughes,1,3
#00BFC4,0.578470239502446,0.688608693050944,FF.Phil Hughes,1,4
#00BFC4,0.57646983942243,0.529016722007837,FC.Phil Hughes,1,3
#00BFC4,0.719043808761752,0.722860390678752,FF.Phil Hughes,1,4
#00BFC4,0.547191256433105,0.478162673128122,FC.Phil Hughes,1,3
#00BFC4,0.620842350288239,0.34100631188489,FC.Phil Hughes,1,3
#00BFC4,0.480996199239848,0.581964761135541,FC.Phil Hughes,1,3
#00BFC4,0.40061648693375,0.674698614975022,FC.Phil Hughes,1,3
#00BFC4,0.674853152448672,0.709548595530826,FC.Phil Hughes,1,3
#00BFC4,0.387341104584553,0.631472673427264,FC.Phil Hughes,1,3
#00BFC4,0.366609685573478,0.558781297675671,FF.Phil Hughes,1,4
#00BFC4,0.414255578388405,0.571046097699602,FF.Phil Hughes,1,4
#00BFC4,0.763416319627562,0.450641658440276,FF.Phil Hughes,1,4
#00BFC4,0.609021804360872,0.465897873104191,FC.Phil Hughes,1,3
#00BFC4,0.589745221771627,0.536794400071794,FF.Phil Hughes,1,4
#F8766D,0.528642092054775,0.501046995123994,FC.Mariano Rivera,1,1
#F8766D,0.313690010729419,0.403975590056538,FF.Mariano Rivera,1,2
#F8766D,0.268590081652694,0.520491190283885,FC.Mariano Rivera,1,1
#F8766D,0.509183654912801,0.553247180591702,FC.Mariano Rivera,1,1
#F8766D,0.563376311625962,0.6070926441114,FF.Mariano Rivera,1,2
#F8766D,0.288230373347397,0.509123814651949,FF.Mariano Rivera,1,2
#F8766D,0.361335903544345,0.359403511920787,FF.Mariano Rivera,1,2
#F8766D,0.382794740766335,0.31961769720901,FC.Mariano Rivera,1,1
#F8766D,0.548827947407663,0.384830536360645,FC.Mariano Rivera,1,1
#F8766D,0.55355616577861,0.421325794968441,FC.Mariano Rivera,1,1
#F8766D,0.123106439469712,0.617263453887343,FC.Mariano Rivera,1,1
#F8766D,0.561921475204132,0.581366478207544,FC.Mariano Rivera,1,1
#F8766D,0.266407827019949,0.370621316820724,FC.Mariano Rivera,1,1
#F8766D,0.31914564731128,0.497606868288013,FC.Mariano Rivera,1,1
#F8766D,0.419165651312081,0.473376409704149,FC.Mariano Rivera,1,1
#F8766D,0.577379112186074,0.39829190224057,FC.Mariano Rivera,1,1
#F8766D,0.447716816090491,0.764889766370517,FC.Mariano Rivera,1,1
#F8766D,0.571559766498754,0.504487121959975,FC.Mariano Rivera,1,1
#F8766D,0.477540962738002,0.492671034132041,FC.Mariano Rivera,1,1
#F8766D,0.292776737165615,0.412800263244488,FF.Mariano Rivera,1,2
#F8766D,0.725408718107258,0.358057375332795,FC.Mariano Rivera,1,1
#F8766D,0.123652003127898,0.397394477848575,FF.Mariano Rivera,1,2
#F8766D,0.710678499336231,0.504487121959975,FC.Mariano Rivera,1,1
#F8766D,0.617023404680936,0.358655658260791,FC.Mariano Rivera,1,1
#F8766D,0.624115732237357,0.419530946184451,FC.Mariano Rivera,1,1
#F8766D,0.501909472803652,0.505833258547967,FC.Mariano Rivera,1,1
#F8766D,0.691765625852443,0.416240390080469,FC.Mariano Rivera,1,1
#F8766D,0.672125334157741,0.533055131771815,FC.Mariano Rivera,1,1
#F8766D,0.561739620651403,0.474423404828143,FC.Mariano Rivera,1,1
#F8766D,0.617750822891851,0.43209488767238,FC.Mariano Rivera,1,1
#F8766D,0.505546563858226,0.612028478267372,FC.Mariano Rivera,1,1
#F8766D,0.157840659040899,0.600361961171438,FF.Mariano Rivera,1,2
#F8766D,0.515548564258306,0.545918214723743,FC.Mariano Rivera,1,1
#F8766D,0.426076124315772,0.414146399832481,FF.Mariano Rivera,1,2
#00BFC4,0.266589681572678,0.616964312423345,FF.Phil Hughes,1,4
#00BFC4,0.237311098583353,0.550554907415717,FF.Phil Hughes,1,4
#00BFC4,0.595928276564404,0.513012653683927,FC.Phil Hughes,1,3
#00BFC4,0.528278382949317,0.547114780579736,FF.Phil Hughes,1,4
#00BFC4,0.422620887813926,0.662882527147088,FF.Phil Hughes,1,4
#00BFC4,0.593746021931659,0.571943522091597,FF.Phil Hughes,1,4
#00BFC4,0.438805943006783,0.54277722935176,FC.Phil Hughes,1,3
#00BFC4,0.440442633981342,0.600062819707439,FF.Phil Hughes,1,4
#00BFC4,0.573196457473313,0.53933710251578,FC.Phil Hughes,1,3
#00BFC4,0.517730818891051,0.502841843907984,FF.Phil Hughes,1,4
#00BFC4,0.376975395079016,0.528867151275838,FF.Phil Hughes,1,4
#00BFC4,0.158749931804543,0.284468575189207,FF.Phil Hughes,1,4
#00BFC4,0.512457036861918,0.459765473092225,FF.Phil Hughes,1,4
#00BFC4,0.796150139118733,0.351625833856831,FF.Phil Hughes,1,4
#00BFC4,0.374429431340814,0.500299141463998,FC.Phil Hughes,1,3
#00BFC4,0.707405117387114,0.333079063088935,FC.Phil Hughes,1,3
#00BFC4,0.151839458800851,0.645681892967184,FF.Phil Hughes,1,4
#00BFC4,0.623388314026442,0.425513775464417,FC.Phil Hughes,1,3
#00BFC4,0.517367109785593,0.689356546710939,FF.Phil Hughes,1,4
#00BFC4,0.598292385749877,0.56790511232762,FC.Phil Hughes,1,3
#00BFC4,0.564649293495063,0.588097161147507,FF.Phil Hughes,1,4
#00BFC4,0.687582971139682,0.790915073738371,FF.Phil Hughes,1,4
#00BFC4,0.578652094055175,0.569251248915612,FF.Phil Hughes,1,4
#00BFC4,0.331693611449563,0.506581112207963,FF.Phil Hughes,1,4
#00BFC4,0.58356216697885,0.486837775584074,FC.Phil Hughes,1,3
#00BFC4,0.593200458273473,0.65719883933112,FF.Phil Hughes,1,4
#00BFC4,0.547736820091291,0.420428370576446,FC.Phil Hughes,1,3
#00BFC4,0.471721617050683,0.521239043943881,FC.Phil Hughes,1,3
#00BFC4,0.328420229500446,0.432394029136379,FF.Phil Hughes,1,4
#00BFC4,0.604111731437196,0.30002393131712,FC.Phil Hughes,1,3
#00BFC4,0.557011402280456,0.47502168775614,FF.Phil Hughes,1,4
#00BFC4,0.49790867264362,0.655254419815131,FC.Phil Hughes,1,3
#00BFC4,0.660668497335831,0.565063268419636,FF.Phil Hughes,1,4
#00BFC4,0.45353616177781,0.512115229291932,FC.Phil Hughes,1,3
#00BFC4,0.764507446943934,0.578823775763558,FF.Phil Hughes,1,4
#00BFC4,0.695584571459747,0.278934458105238,FC.Phil Hughes,1,3
#00BFC4,0.468811944207023,0.651066439319154,FF.Phil Hughes,1,4
#00BFC4,0.65084835148848,0.240046067785456,FC.Phil Hughes,1,3
#00BFC4,0.688492243903326,0.390514224176613,FF.Phil Hughes,1,4
#00BFC4,0.65648584262307,0.491624039008047,FC.Phil Hughes,1,3
#00BFC4,0.508638091254615,0.544272936671752,FC.Phil Hughes,1,3
#F8766D,0.509729218570987,0.510170809775943,FC.Mariano Rivera,1,1
#F8766D,0.675944279765044,0.665873941787071,FC.Mariano Rivera,1,1
#F8766D,0.653394315226682,0.555939453767687,FC.Mariano Rivera,1,1
#F8766D,0.663941879284948,0.450492087708277,FC.Mariano Rivera,1,1
#F8766D,0.410982196439288,0.349830985072841,FC.Mariano Rivera,1,1
#F8766D,0.633026605321064,0.507777678063956,FC.Mariano Rivera,1,1
#F8766D,0.271681609049083,0.574785365999581,FC.Mariano Rivera,1,1
#F8766D,0.617568968339122,0.358805228992791,FC.Mariano Rivera,1,1
#F8766D,0.491180054192657,0.658395405187113,FC.Mariano Rivera,1,1
#F8766D,0.327147247631344,0.656450985671124,FC.Mariano Rivera,1,1
#F8766D,0.611204058993617,0.303314487421101,FC.Mariano Rivera,1,1
#F8766D,0.66794267944498,0.534251697627808,FC.Mariano Rivera,1,1
#F8766D,0.463174453072433,0.755616380986568,FC.Mariano Rivera,1,1
#F8766D,0.637027405481096,0.50897424391995,FC.Mariano Rivera,1,1
#F8766D,0.422439033261198,0.750830117562595,FC.Mariano Rivera,1,1
#F8766D,0.379703213369947,0.706407610158844,FC.Mariano Rivera,1,1
#00BFC4,0.389159650111841,0.42147536570044,FF.Phil Hughes,1,4
#00BFC4,0.166387823019149,0.504337551227976,FF.Phil Hughes,1,4
#00BFC4,0.603748022331739,0.546965209847737,FF.Phil Hughes,1,4
#00BFC4,0.394251577588245,0.386924526608633,FF.Phil Hughes,1,4
#00BFC4,0.546827547327647,0.59288342457148,FF.Phil Hughes,1,4
#00BFC4,0.486997399479896,0.584956175775524,FF.Phil Hughes,1,4
#00BFC4,0.213670006728618,0.435385443776362,FF.Phil Hughes,1,4
#00BFC4,0.656122133517613,0.527969726883843,FF.Phil Hughes,1,4
#00BFC4,0.521186055392897,0.512563941487929,FF.Phil Hughes,1,4
#00BFC4,0.493907872483588,0.424466780340423,FF.Phil Hughes,1,4
#00BFC4,0.100374620378621,0.562221424511652,FF.Phil Hughes,1,4
#00BFC4,0.627570968739202,0.570148673307607,FF.Phil Hughes,1,4
#00BFC4,0.783056611322264,0.552200185467708,FF.Phil Hughes,1,4
#00BFC4,0.619023804760952,0.621601005115319,FF.Phil Hughes,1,4
#00BFC4,0.348424230300606,0.528867151275838,FF.Phil Hughes,1,4
#00BFC4,0.260406626779901,0.560127434263663,FF.Phil Hughes,1,4
#00BFC4,0.637209260033825,0.527670585419845,FC.Phil Hughes,1,3
#00BFC4,0.587562967138882,0.599614107511442,FF.Phil Hughes,1,4
#00BFC4,0.634117732637437,0.503440126835981,FC.Phil Hughes,1,3
#00BFC4,0.560830347887759,0.603652517275419,FF.Phil Hughes,1,4
#00BFC4,0.281865464001891,0.339510604564899,FF.Phil Hughes,1,4
#00BFC4,0.29495899179836,0.445257112088307,FC.Phil Hughes,1,3
#00BFC4,0.512638891414646,0.597220975799456,FF.Phil Hughes,1,4
#00BFC4,0.497181254432705,0.486089921924078,FF.Phil Hughes,1,4
#00BFC4,0.544463438142174,0.468141434084178,FF.Phil Hughes,1,4
#00BFC4,0.762325192311189,0.260537258069341,FF.Phil Hughes,1,4
#00BFC4,0.458809943806943,0.481901941428101,FC.Phil Hughes,1,3
#00BFC4,0.901625779701395,0.0454545454545455,FF.Phil Hughes,1,4
#00BFC4,0.583198457873393,0.420877082772443,FF.Phil Hughes,1,4
#00BFC4,0.501727618250923,0.635810224655239,FF.Phil Hughes,1,4
#00BFC4,0.22203531615414,0.664378234467079,FF.Phil Hughes,1,4
#00BFC4,0.477177253632545,0.396048341260582,FF.Phil Hughes,1,4
#00BFC4,0.337512957136882,0.475619970684136,FF.Phil Hughes,1,4
#00BFC4,0.430440633581262,0.61606688803135,FF.Phil Hughes,1,4
#00BFC4,0.506819545727327,0.501944419515989,FC.Phil Hughes,1,3
#00BFC4,0.650484642383022,0.317374136229023,FF.Phil Hughes,1,4
#00BFC4,0.642119332957501,0.472329414580155,FF.Phil Hughes,1,4
#00BFC4,0.373883867682627,0.597520117263454,FF.Phil Hughes,1,4
#00BFC4,0.47208532615614,0.307801609381076,FF.Phil Hughes,1,4
#00BFC4,0.554101729436796,0.329638936252954,FF.Phil Hughes,1,4
#00BFC4,0.463720016730619,0.502093990247988,FF.Phil Hughes,1,4
#00BFC4,0.291685609849243,0.420877082772443,FF.Phil Hughes,1,4
#00BFC4,0.592654894615287,0.382886116844656,FF.Phil Hughes,1,4
#00BFC4,0.545190856353089,0.572990517215591,FF.Phil Hughes,1,4
#00BFC4,0.514821146047391,0.665724371055072,FF.Phil Hughes,1,4
#00BFC4,0.344787139246031,0.552499326931706,FF.Phil Hughes,1,4
#00BFC4,0.249859062721635,0.412650692512489,FF.Phil Hughes,1,4
#00BFC4,0.411891469202931,0.662134673487092,FF.Phil Hughes,1,4
#00BFC4,0.180208769026533,0.47502168775614,FF.Phil Hughes,1,4
#00BFC4,0.315144847151248,0.581366478207544,FF.Phil Hughes,1,4
#00BFC4,0.618841950208223,0.456325346256245,FF.Phil Hughes,1,4
#00BFC4,0.537734819691211,0.463355170660205,FF.Phil Hughes,1,4
#F8766D,0.74504900980196,0.503739268299979,FC.Mariano Rivera,1,1
#F8766D,0.536825546927567,0.485042926800084,FC.Mariano Rivera,1,1
#F8766D,0.474449435341614,0.29284453618116,FC.Mariano Rivera,1,1
#F8766D,0.132926585317063,0.459765473092225,FC.Mariano Rivera,1,1
#F8766D,0.612840749968175,0.437030721828353,FC.Mariano Rivera,1,1
#F8766D,0.179299496262889,0.584956175775524,FF.Mariano Rivera,1,2
#F8766D,0.65357616977941,0.429253043764396,FC.Mariano Rivera,1,1
#F8766D,0.244403426139773,0.608289209967394,FC.Mariano Rivera,1,1
#F8766D,0.327510956736802,0.407714858356517,FC.Mariano Rivera,1,1
#F8766D,0.554829147647711,0.464551736516198,FC.Mariano Rivera,1,1
#F8766D,0.382431031660878,0.227033414101529,FF.Mariano Rivera,1,2
#F8766D,0.310416628780302,0.204597804301654,FF.Mariano Rivera,1,2
#F8766D,0.267680808889051,0.281327589817225,FF.Mariano Rivera,1,2
#F8766D,0.759051810362072,0.305109336205091,FC.Mariano Rivera,1,1
#F8766D,0.75086835548928,0.547713063507733,FC.Mariano Rivera,1,1
#F8766D,0.679035807161432,0.356860809476802,FC.Mariano Rivera,1,1
#F8766D,0.541190056193057,0.497906009752012,FC.Mariano Rivera,1,1
#F8766D,0.495180854352689,0.403078165664543,FC.Mariano Rivera,1,1
#F8766D,0.228218370946917,0.379445990008675,FC.Mariano Rivera,1,1
#F8766D,0.405890268962883,0.379894702204673,FF.Mariano Rivera,1,2
#F8766D,0.626843550528287,0.448547668192288,FC.Mariano Rivera,1,1
#F8766D,0.30350615577661,0.518098058571899,FF.Mariano Rivera,1,2
#F8766D,0.770144938078525,0.250216877561399,FC.Mariano Rivera,1,1
#F8766D,0.209669206568586,0.434637590116366,FF.Mariano Rivera,1,2
#F8766D,0.214397424939533,0.466795297496186,FC.Mariano Rivera,1,1
#F8766D,0.468084525996108,0.662284244219091,FC.Mariano Rivera,1,1
#F8766D,0.256223972067141,0.358805228992791,FC.Mariano Rivera,1,1
#F8766D,0.65503100620124,0.460962038948219,FC.Mariano Rivera,1,1
#F8766D,0.663760024732219,0.531858565915821,FC.Mariano Rivera,1,1
#F8766D,0.468448235101566,0.551601902539711,FC.Mariano Rivera,1,1
#F8766D,0.637209260033825,0.502393131711987,FC.Mariano Rivera,1,1
#F8766D,0.279319500263689,0.575234078195579,FC.Mariano Rivera,1,1
#F8766D,0.646120133117532,0.432543599868378,FC.Mariano Rivera,1,1
#F8766D,0.60211133135718,0.397544048580574,FC.Mariano Rivera,1,1
#F8766D,0.455172852752369,0.710894732118819,FC.Mariano Rivera,1,1
#F8766D,0.55210132935678,0.686365132070956,FC.Mariano Rivera,1,1
#F8766D,0.593382312826202,0.573439229411589,FC.Mariano Rivera,1,1
#F8766D,0.5420993289567,0.500747853659996,FC.Mariano Rivera,1,1
#F8766D,0.517185255232865,0.516602351251907,FC.Mariano Rivera,1,1
#F8766D,0.612295186309989,0.474273834096144,FC.Mariano Rivera,1,1
#F8766D,0.715406717707178,0.543225941547758,FC.Mariano Rivera,1,1
#F8766D,0.679763225372347,0.593780848963475,FC.Mariano Rivera,1,1
#F8766D,0.223853861681427,0.53739268299979,FC.Mariano Rivera,1,1
#F8766D,0.676671697975959,0.40173202907655,FC.Mariano Rivera,1,1
#F8766D,0.247313098983433,0.468889287744174,FC.Mariano Rivera,1,1
#F8766D,0.443716015930459,0.51420921953992,FC.Mariano Rivera,1,1
#F8766D,0.489179654112641,0.583610039187532,FC.Mariano Rivera,1,1
#F8766D,0.609931077124516,0.499551287804002,FC.Mariano Rivera,1,1
#F8766D,0.676126134317773,0.386774955876634,FC.Mariano Rivera,1,1
#F8766D,0.173116441470112,0.604998653863412,FC.Mariano Rivera,1,1
#F8766D,0.145292694902617,0.327395375272967,FC.Mariano Rivera,1,1
#F8766D,0.53355216497845,0.580169912351551,FC.Mariano Rivera,1,1
#F8766D,0.641391914746586,0.304511053277095,FC.Mariano Rivera,1,1
#F8766D,0.693402316827002,0.345942146040863,FC.Mariano Rivera,1,1
#F8766D,0.357153248831585,0.464850877980197,FC.Mariano Rivera,1,1
#F8766D,0.361154048991617,0.431047892548386,FC.Mariano Rivera,1,1
#F8766D,0.651939478804852,0.462009034072213,FC.Mariano Rivera,1,1
#F8766D,0.246221971667061,0.287160848365192,FC.Mariano Rivera,1,1
#F8766D,0.411164050992017,0.462756887732209,FC.Mariano Rivera,1,1
#F8766D,0.524459437342014,0.637904214903228,FC.Mariano Rivera,1,1
#F8766D,0.691765625852443,0.475171258488139,FC.Mariano Rivera,1,1
#F8766D,0.58210733055702,0.44824852672829,FC.Mariano Rivera,1,1
#F8766D,0.606839549728127,0.576879356247569,FC.Mariano Rivera,1,1
#F8766D,0.284775136845551,0.535448263483801,FC.Mariano Rivera,1,1
#F8766D,0.481723617450763,0.515555356127913,FC.Mariano Rivera,1,1
#F8766D,0.530278783029333,0.854781776302013,FC.Mariano Rivera,1,1
#F8766D,0.288594082452854,0.429851326692393,FF.Mariano Rivera,1,2
#F8766D,0.220944188837768,0.384082682700649,FF.Mariano Rivera,1,2
#F8766D,0.501727618250923,0.615319034371354,FC.Mariano Rivera,1,1
#F8766D,0.738502245903726,0.414894253492477,FC.Mariano Rivera,1,1
#F8766D,0.476631689974358,0.517350204911903,FC.Mariano Rivera,1,1
#F8766D,0.318600083653094,0.497457297556014,FF.Mariano Rivera,1,2
#F8766D,0.357335103384313,0.478910526788118,FC.Mariano Rivera,1,1
#F8766D,0.298414228300205,0.661386819827096,FC.Mariano Rivera,1,1
#F8766D,0.569013802760552,0.575981931855574,FC.Mariano Rivera,1,1
#F8766D,0.228945789157832,0.458269765772234,FC.Mariano Rivera,1,1
#F8766D,0.312598883413046,0.509572526847946,FC.Mariano Rivera,1,1
#F8766D,0.359881067122515,0.208187501869634,FF.Mariano Rivera,1,2
#F8766D,0.525550564658386,0.493269317060038,FC.Mariano Rivera,1,1
#F8766D,0.555920274964084,0.624891561219301,FC.Mariano Rivera,1,1
#F8766D,0.21203331575406,0.652263005175147,FC.Mariano Rivera,1,1
#F8766D,0.270226772627253,0.517499775643902,FC.Mariano Rivera,1,1
#F8766D,0.385704413609995,0.42312064375243,FC.Mariano Rivera,1,1
#F8766D,0.440442633981342,0.460214185288223,FC.Mariano Rivera,1,1
#F8766D,0.521004200840168,0.488333482904065,FC.Mariano Rivera,1,1
#F8766D,0.625752423211915,0.302566633761106,FC.Mariano Rivera,1,1
#F8766D,0.60938551346633,0.444957970624308,FC.Mariano Rivera,1,1
#F8766D,0.417347105784793,0.288506984953184,FF.Mariano Rivera,1,2
#F8766D,0.415164851152049,0.348634419216848,FF.Mariano Rivera,1,2
#F8766D,0.867800832893851,0.189939872565736,FC.Mariano Rivera,1,1
#F8766D,0.220762334285039,0.345044721648868,FC.Mariano Rivera,1,1
#F8766D,0.63502700540108,0.407266146160519,FC.Mariano Rivera,1,1
#F8766D,0.544281583589445,0.530662000059828,FC.Mariano Rivera,1,1
#F8766D,0.531733619451163,0.595276556283466,FC.Mariano Rivera,1,1
#F8766D,0.238038516794268,0.384381824164647,FC.Mariano Rivera,1,1
#F8766D,0.355516557857026,0.447500673068294,FC.Mariano Rivera,1,1
#F8766D,0.546645692774919,0.578225492835562,FC.Mariano Rivera,1,1
#F8766D,0.276591681972758,0.267267941009303,FF.Mariano Rivera,1,2
#F8766D,0.638664096455655,0.457372341380239,FC.Mariano Rivera,1,1
#F8766D,0.51354816417829,0.456624487720243,FC.Mariano Rivera,1,1
#F8766D,0.2749549909982,0.442116126716324,FC.Mariano Rivera,1,1
#F8766D,0.441897470403172,0.386027102216638,FC.Mariano Rivera,1,1
#F8766D,0.611385913546346,0.524679170779862,FC.Mariano Rivera,1,1
#F8766D,0.152385022459037,0.440769990128332,FC.Mariano Rivera,1,1
#F8766D,0.152566877011766,0.509871668311945,FC.Mariano Rivera,1,1
#F8766D,0.331511756896834,0.432244458404379,FC.Mariano Rivera,1,1
#F8766D,0.339331502664169,0.39829190224057,FC.Mariano Rivera,1,1
#F8766D,0.319509356416738,0.45168865356427,FC.Mariano Rivera,1,1
#F8766D,0.279501354816418,0.440620419396332,FC.Mariano Rivera,1,1
#F8766D,0.350788339486079,0.471581560920159,FC.Mariano Rivera,1,1
#F8766D,0.284593282292822,0.470833707260163,FF.Mariano Rivera,1,2
#F8766D,0.654667297095783,0.394103921744593,FC.Mariano Rivera,1,1
#F8766D,0.41352816017749,0.415342965688474,FF.Mariano Rivera,1,2
#F8766D,0.607748822491771,0.370322175356726,FC.Mariano Rivera,1,1
#F8766D,0.681036207241448,0.269810643453289,FC.Mariano Rivera,1,1
#F8766D,0.592836749168015,0.618160878279338,FC.Mariano Rivera,1,1
#F8766D,0.263134445070832,0.5,FC.Mariano Rivera,1,1
#F8766D,0.534643292294823,0.698330790630889,FC.Mariano Rivera,1,1
#F8766D,0.598292385749877,0.635211941727243,FC.Mariano Rivera,1,1
#F8766D,0.566104129916892,0.821577073798199,FC.Mariano Rivera,1,1
#F8766D,0.502636891014567,0.528717580543839,FC.Mariano Rivera,1,1
#F8766D,0.462810743966975,0.478013102396123,FC.Mariano Rivera,1,1
#F8766D,0.648484242303006,0.425812916928415,FC.Mariano Rivera,1,1
#F8766D,0.112740729964175,0.461709892608214,FC.Mariano Rivera,1,1
#F8766D,0.783784029533179,0.405770438840528,FC.Mariano Rivera,1,1
#F8766D,0.398797941406463,0.268015794669299,FC.Mariano Rivera,1,1
#F8766D,0.578652094055175,0.575084507463579,FC.Mariano Rivera,1,1
#F8766D,0.401525759697394,0.64104520027521,FC.Mariano Rivera,1,1
#F8766D,0.603384313226282,0.669314068623052,FC.Mariano Rivera,1,1
#F8766D,0.347696812089691,0.543525083011756,FC.Mariano Rivera,1,1
#F8766D,0.39497899579916,0.552349756199707,FC.Mariano Rivera,1,1
#F8766D,0.649939078724836,0.448996380388286,FC.Mariano Rivera,1,1
#F8766D,0.646847551328448,0.56252056597565,FC.Mariano Rivera,1,1
#F8766D,0.512275182309189,0.497906009752012,FC.Mariano Rivera,1,1
#F8766D,0.460446634781502,0.590490292859493,FC.Mariano Rivera,1,1
#F8766D,0.596655694775319,0.480256663376111,FC.Mariano Rivera,1,1
#F8766D,0.261497754096274,0.564165844027641,FC.Mariano Rivera,1,1
#F8766D,0.665760424812235,0.495512878040025,FC.Mariano Rivera,1,1
#F8766D,0.583744021531579,0.535597834215801,FC.Mariano Rivera,1,1
#F8766D,0.257133244830784,0.480555804840109,FF.Mariano Rivera,1,2
#F8766D,0.61938751386641,0.635810224655239,FC.Mariano Rivera,1,1
#F8766D,0.570468639182382,0.597669687995453,FC.Mariano Rivera,1,1
#F8766D,0.48354216297805,0.361198360704777,FC.Mariano Rivera,1,1
#F8766D,0.567558966338722,0.402180741272548,FC.Mariano Rivera,1,1
#F8766D,0.685218861954209,0.326946663076969,FC.Mariano Rivera,1,1
#F8766D,0.172934586917383,0.283272009333214,FF.Mariano Rivera,1,2
#F8766D,0.65503100620124,0.34280116066888,FC.Mariano Rivera,1,1
#F8766D,0.616295986470021,0.33577133626492,FC.Mariano Rivera,1,1
#F8766D,0.715224863154449,0.563118848903646,FC.Mariano Rivera,1,1
#F8766D,0.132381021658877,0.553995034251697,FC.Mariano Rivera,1,1
#F8766D,0.297504955536562,0.405172155912531,FC.Mariano Rivera,1,1
#F8766D,0.449171652512321,0.67499775643902,FC.Mariano Rivera,1,1
#F8766D,0.5250050010002,0.472478985312154,FC.Mariano Rivera,1,1
#F8766D,0.528096528396588,0.45542792186425,FC.Mariano Rivera,1,1
#F8766D,0.352788739566095,0.695040234526908,FC.Mariano Rivera,1,1
#F8766D,0.667760824892251,0.427009482784409,FC.Mariano Rivera,1,1
#F8766D,0.65503100620124,0.543076370815759,FC.Mariano Rivera,1,1
#F8766D,0.614659295495463,0.553845463519698,FC.Mariano Rivera,1,1
#F8766D,0.537189256033025,0.508226390259954,FC.Mariano Rivera,1,1
#F8766D,0.280774336685519,0.430449609620389,FC.Mariano Rivera,1,1
#F8766D,0.446080125115932,0.569400819647611,FF.Mariano Rivera,1,2
#F8766D,0.41061848733383,0.604101229471417,FC.Mariano Rivera,1,1
#F8766D,0.248767935405263,0.368826468036735,FC.Mariano Rivera,1,1
#F8766D,0.738138536798269,0.338014897244907,FC.Mariano Rivera,1,1
#F8766D,0.568831948207823,0.419231804720452,FC.Mariano Rivera,1,1
#F8766D,0.529551364818418,0.371817882676718,FC.Mariano Rivera,1,1
#F8766D,0.496999399879976,0.434039307188369,FC.Mariano Rivera,1,1
#F8766D,0.30641582862027,0.430449609620389,FC.Mariano Rivera,1,1
#F8766D,0.507546963938242,0.404424302252535,FC.Mariano Rivera,1,1
#F8766D,0.553192456673153,0.488632624368064,FC.Mariano Rivera,1,1
#F8766D,0.371701613049883,0.292994106913159,FF.Mariano Rivera,1,2
#F8766D,0.427349106184873,0.292395823985163,FF.Mariano Rivera,1,2
#F8766D,0.298777937405663,0.258293697089354,FF.Mariano Rivera,1,2
#F8766D,0.48645183582171,0.449893804780281,FC.Mariano Rivera,1,1
#F8766D,0.422620887813926,0.35536510215681,FF.Mariano Rivera,1,2
#F8766D,0.165114841150048,0.52497831224386,FC.Mariano Rivera,1,1
#F8766D,0.385158849951809,0.399338897364564,FC.Mariano Rivera,1,1
#F8766D,0.552283183909509,0.476966107272129,FC.Mariano Rivera,1,1
#F8766D,0.580834348687919,0.341604594812887,FC.Mariano Rivera,1,1
#F8766D,0.565740420811435,0.515555356127913,FC.Mariano Rivera,1,1
#F8766D,0.64793867864482,0.402928594932544,FC.Mariano Rivera,1,1
#F8766D,0.598110531197149,0.606494361183403,FC.Mariano Rivera,1,1
#F8766D,0.509911073123716,0.346689999700858,FC.Mariano Rivera,1,1
#F8766D,0.291321900743785,0.32500224356098,FC.Mariano Rivera,1,1
#F8766D,0.35497099419884,0.399039755900565,FF.Mariano Rivera,1,2
#F8766D,0.416619687573878,0.518995482963894,FC.Mariano Rivera,1,1
#F8766D,0.294049719034716,0.422971073020431,FC.Mariano Rivera,1,1
#F8766D,0.296050119114732,0.590490292859493,FC.Mariano Rivera,1,1
#00BFC4,0.144565276691702,0.564165844027641,FF.Phil Hughes,1,4
#00BFC4,0.343877866482387,0.521239043943881,FF.Phil Hughes,1,4
#00BFC4,0.504637291094583,0.420278799844446,FF.Phil Hughes,1,4
#00BFC4,0.270044918074524,0.414894253492477,FF.Phil Hughes,1,4
#00BFC4,0.212215170306789,0.419231804720452,FC.Phil Hughes,1,3
#00BFC4,0.597746822091691,0.39111250710461,FF.Phil Hughes,1,4
#00BFC4,0.617205259233665,0.182760477429777,FF.Phil Hughes,1,4
#00BFC4,0.57792467584426,0.482649795088097,FF.Phil Hughes,1,4
#00BFC4,0.508638091254615,0.601558527027431,FF.Phil Hughes,1,4
#00BFC4,0.308052519594828,0.302417063029106,FF.Phil Hughes,1,4
#00BFC4,0.415892269362963,0.416539531544467,FF.Phil Hughes,1,4
#00BFC4,0.57937951226609,0.325750097220976,FF.Phil Hughes,1,4
#00BFC4,0.548282383749477,0.349232702144844,FF.Phil Hughes,1,4
#00BFC4,0.343150448271472,0.446752819408298,FF.Phil Hughes,1,4
#00BFC4,0.473903871683428,0.495961590236023,FF.Phil Hughes,1,4
#00BFC4,0.41643783302115,0.418932663256454,FF.Phil Hughes,1,4
#00BFC4,0.738684100456455,0.449893804780281,FC.Phil Hughes,1,3
#00BFC4,0.130016912473404,0.446603248676299,FF.Phil Hughes,1,4
#00BFC4,0.380430631580862,0.54995662448772,FF.Phil Hughes,1,4
#00BFC4,0.473722017130699,0.380492985132669,FF.Phil Hughes,1,4
#00BFC4,0.512275182309189,0.372266594872715,FC.Phil Hughes,1,3
#00BFC4,0.413346305624761,0.481602799964103,FF.Phil Hughes,1,4
#00BFC4,0.344423430140574,0.431795746208382,FF.Phil Hughes,1,4
#00BFC4,0.631753623451963,0.45886804870023,FF.Phil Hughes,1,4
#00BFC4,0.402253177908309,0.364788058272757,FF.Phil Hughes,1,4
#00BFC4,0.451717616250523,0.443910975500314,FF.Phil Hughes,1,4
#00BFC4,0.779055811162232,0.326946663076969,FC.Phil Hughes,1,3
#00BFC4,0.671579770499554,0.362394926560771,FC.Phil Hughes,1,3
#00BFC4,0.631026205241048,0.508525531723952,FF.Phil Hughes,1,4
#00BFC4,0.614113731837276,0.513311795147925,FF.Phil Hughes,1,4
#00BFC4,0.587199258033425,0.286263423973197,FC.Phil Hughes,1,3
#00BFC4,0.407526959937442,0.458269765772234,FF.Phil Hughes,1,4
#00BFC4,0.634117732637437,0.611280624607377,FF.Phil Hughes,1,4
#00BFC4,0.52355016457837,0.542029375691765,FF.Phil Hughes,1,4
#00BFC4,0.422620887813926,0.443761404768315,FF.Phil Hughes,1,4
#00BFC4,0.636118132717453,0.617413024619342,FF.Phil Hughes,1,4
#00BFC4,0.31059848333303,0.538290107391786,FF.Phil Hughes,1,4
#00BFC4,0.532461037662078,0.634314517335248,FF.Phil Hughes,1,4
#00BFC4,0.344241575587845,0.581516048939543,FF.Phil Hughes,1,4
#00BFC4,0.566649693575079,0.528268868347842,FF.Phil Hughes,1,4
#00BFC4,0.185846260161123,0.714035717490801,FF.Phil Hughes,1,4
#00BFC4,0.298777937405663,0.51061952197194,FF.Phil Hughes,1,4
#00BFC4,0.581198057793377,0.478312243860121,FF.Phil Hughes,1,4
#00BFC4,0.335694411609595,0.405471297376529,FF.Phil Hughes,1,4
#00BFC4,0.558829947807743,0.534251697627808,FF.Phil Hughes,1,4
#00BFC4,0.424803142446671,0.342352448472883,FF.Phil Hughes,1,4
#00BFC4,0.606293986069941,0.356262526548805,FC.Phil Hughes,1,3
#00BFC4,0.430804342686719,0.431347034012384,FF.Phil Hughes,1,4
#00BFC4,0.398070523195548,0.488034341440067,FF.Phil Hughes,1,4
#00BFC4,0.53209732855662,0.410556702264501,FF.Phil Hughes,1,4
#00BFC4,0.438805943006783,0.498354721948009,FF.Phil Hughes,1,4
#00BFC4,0.64793867864482,0.219255736037572,FF.Phil Hughes,1,4
#00BFC4,0.558829947807743,0.595126985551467,FF.Phil Hughes,1,4
#00BFC4,0.275136845550928,0.375407580244698,FF.Phil Hughes,1,4
#00BFC4,0.328420229500446,0.635959795387238,FF.Phil Hughes,1,4
#00BFC4,0.518094527996508,0.400834604684555,FF.Phil Hughes,1,4
#00BFC4,0.573014602920584,0.545918214723743,FF.Phil Hughes,1,4
#00BFC4,0.468811944207023,0.675446468635017,FF.Phil Hughes,1,4
#00BFC4,0.291867464401971,0.574486224535583,FF.Phil Hughes,1,4
#00BFC4,0.452808743566895,0.57493493673158,FF.Phil Hughes,1,4
#00BFC4,0.373156449471713,0.472030273116157,FF.Phil Hughes,1,4
#00BFC4,0.145838258560803,0.467543151156182,FF.Phil Hughes,1,4
#00BFC4,0.529369510265689,0.430150468156391,FF.Phil Hughes,1,4
#00BFC4,0.64793867864482,0.512863082951928,FF.Phil Hughes,1,4
#00BFC4,0.133654003527978,0.533204702503814,FF.Phil Hughes,1,4
#00BFC4,0.347878666642419,0.722112537018756,FF.Phil Hughes,1,4
#00BFC4,0.22912764371056,0.559678722067666,FF.Phil Hughes,1,4
#F8766D,0.522459037261998,0.39455263394059,FC.Mariano Rivera,1,1
#F8766D,0.489907072323556,0.508226390259954,FC.Mariano Rivera,1,1
#F8766D,0.626297986870101,0.503140985371982,FC.Mariano Rivera,1,1
#F8766D,0.626116132317373,0.462308175536211,FC.Mariano Rivera,1,1
#F8766D,0.489179654112641,0.55534117083969,FC.Mariano Rivera,1,1
#F8766D,0.493907872483588,0.6606389661671,FC.Mariano Rivera,1,1
#F8766D,0.443716015930459,0.550704478147716,FC.Mariano Rivera,1,1
#F8766D,0.515548564258306,0.504636692691974,FC.Mariano Rivera,1,1
#F8766D,0.271863463601811,0.652562146639145,FC.Mariano Rivera,1,1
#F8766D,0.493726017930859,0.495064165844028,FC.Mariano Rivera,1,1
#F8766D,0.660304788230373,0.356262526548805,FC.Mariano Rivera,1,1
#F8766D,0.610840349888159,0.55534117083969,FC.Mariano Rivera,1,1
#F8766D,0.552828747567695,0.484145502408089,FC.Mariano Rivera,1,1
#F8766D,0.70649584462347,0.564016273295641,FC.Mariano Rivera,1,1
#F8766D,0.479723217370747,0.675745610099016,FC.Mariano Rivera,1,1
#F8766D,0.597019403880776,0.544871219599749,FC.Mariano Rivera,1,1
#F8766D,0.521913473603812,0.639399922223219,FC.Mariano Rivera,1,1
#F8766D,0.429713215370347,0.615169463639355,FC.Mariano Rivera,1,1
#F8766D,0.553374311225882,0.498653863412007,FC.Mariano Rivera,1,1
#F8766D,0.527550964738402,0.737967034610667,FC.Mariano Rivera,1,1
#F8766D,0.510638491334631,0.671258488139041,FC.Mariano Rivera,1,1
#F8766D,0.250768335485279,0.655104849083131,FC.Mariano Rivera,1,1
#F8766D,0.560284784229573,0.577776780639564,FC.Mariano Rivera,1,1
#F8766D,0.194393424139373,0.408163570552514,FC.Mariano Rivera,1,1
#F8766D,0.527732819291131,0.602755092883425,FC.Mariano Rivera,1,1
#F8766D,0.616295986470021,0.369125609500733,FC.Mariano Rivera,1,1
#F8766D,0.491907472403572,0.492371892668043,FC.Mariano Rivera,1,1
#F8766D,0.526096128316572,0.635511083191241,FC.Mariano Rivera,1,1
#F8766D,0.653394315226682,0.481453229232104,FC.Mariano Rivera,1,1
#F8766D,0.525550564658386,0.481154087768105,FC.Mariano Rivera,1,1
#F8766D,0.51500300060012,0.354617248496814,FC.Mariano Rivera,1,1
#F8766D,0.273682009129099,0.291797541057166,FC.Mariano Rivera,1,1
#F8766D,0.631389914346506,0.716279278470789,FC.Mariano Rivera,1,1
#F8766D,0.27204531815454,0.65540399054713,FC.Mariano Rivera,1,1
#F8766D,0.265316699703577,0.292545394717162,FC.Mariano Rivera,1,1
#F8766D,0.778146538398589,0.411603697388495,FC.Mariano Rivera,1,1
#F8766D,0.601202058593537,0.552499326931706,FC.Mariano Rivera,1,1
#F8766D,0.598292385749877,0.506581112207963,FC.Mariano Rivera,1,1
#F8766D,0.737411118587354,0.640297346615214,FC.Mariano Rivera,1,1
#F8766D,0.465356707705177,0.549807053755721,FC.Mariano Rivera,1,1
#F8766D,0.596837549328047,0.550854048879715,FC.Mariano Rivera,1,1
#F8766D,0.773054610922184,0.388719375392623,FC.Mariano Rivera,1,1
#F8766D,0.539553365218498,0.362993209488767,FC.Mariano Rivera,1,1
#F8766D,0.699221662514321,0.615019892907356,FC.Mariano Rivera,1,1
#F8766D,0.292231173507429,0.494017170720033,FC.Mariano Rivera,1,1
#F8766D,0.625206859553729,0.553995034251697,FC.Mariano Rivera,1,1
#F8766D,0.608658095255415,0.448547668192288,FC.Mariano Rivera,1,1
#F8766D,0.32205532015494,0.404723443716533,FF.Mariano Rivera,1,2
#F8766D,0.715406717707178,0.405172155912531,FC.Mariano Rivera,1,1
#F8766D,0.536643692374839,0.477713960932125,FF.Mariano Rivera,1,2
#F8766D,0.583198457873393,0.462906458464208,FC.Mariano Rivera,1,1
#F8766D,0.736319991270981,0.180217774985791,FC.Mariano Rivera,1,1
#F8766D,0.347333102984233,0.448098955996291,FC.Mariano Rivera,1,1
#F8766D,0.460992198439688,0.622199288043316,FC.Mariano Rivera,1,1
#F8766D,0.264043717834476,0.60350294654342,FF.Mariano Rivera,1,2
#F8766D,0.340422629980542,0.494166741452033,FF.Mariano Rivera,1,2
#F8766D,0.593382312826202,0.664079093003081,FC.Mariano Rivera,1,1
#00BFC4,0.407526959937442,0.638801639295223,FF.Phil Hughes,1,4
#00BFC4,0.472267180708869,0.666621795447067,FF.Phil Hughes,1,4
#00BFC4,0.560102929676844,0.790466361542373,FF.Phil Hughes,1,4
#00BFC4,0.595564567458946,0.427906907176404,FF.Phil Hughes,1,4
#F8766D,0.622297186710069,0.39470220467259,FC.Mariano Rivera,1,1
#F8766D,0.681218061794177,0.343399443596877,FC.Mariano Rivera,1,1
#F8766D,0.605202858753569,0.4820515121601,FC.Mariano Rivera,1,1
#F8766D,0.506273982069141,0.513162224415926,FC.Mariano Rivera,1,1
#F8766D,0.619569368419138,0.59108857578749,FC.Mariano Rivera,1,1
#F8766D,0.567558966338722,0.342950731400879,FC.Mariano Rivera,1,1
#F8766D,0.50500100020004,0.541431092763768,FC.Mariano Rivera,1,1
#F8766D,0.665578570259506,0.505982829279966,FC.Mariano Rivera,1,1
#F8766D,0.647393114986634,0.402928594932544,FC.Mariano Rivera,1,1
#F8766D,0.736319991270981,0.402031170540549,FC.Mariano Rivera,1,1
#F8766D,0.737047409481896,0.451090370636274,FC.Mariano Rivera,1,1
#F8766D,0.280228773027333,0.526922731759849,FC.Mariano Rivera,1,1
#F8766D,0.456809543726927,0.638053785635227,FC.Mariano Rivera,1,1
#F8766D,0.644483442142974,0.47322683897215,FC.Mariano Rivera,1,1
#F8766D,0.611022204440888,0.466346585300188,FC.Mariano Rivera,1,1
#F8766D,0.57646983942243,0.745595141942625,FC.Mariano Rivera,1,1
#F8766D,0.54355416537853,0.50179484878399,FC.Mariano Rivera,1,1
#F8766D,0.232401025659677,0.585554458703521,FF.Mariano Rivera,1,2
#F8766D,0.198030515193948,0.521239043943881,FF.Mariano Rivera,1,2
#00BFC4,0.227854661841459,0.593481707499476,FF.Phil Hughes,1,4
#00BFC4,0.420256778628453,0.500299141463998,FF.Phil Hughes,1,4
#00BFC4,0.357153248831585,0.473675551168147,FF.Phil Hughes,1,4
#00BFC4,0.60647584062267,0.647925453947171,FF.Phil Hughes,1,4
#00BFC4,0.56646783902235,0.584058751383529,FF.Phil Hughes,1,4
#00BFC4,0.413710014730219,0.650916868587155,FF.Phil Hughes,1,4
#00BFC4,0.298777937405663,0.424167638876425,FF.Phil Hughes,1,4
#00BFC4,0.599565367618978,0.621601005115319,FF.Phil Hughes,1,4
#00BFC4,0.354243575987925,0.431646175476383,FF.Phil Hughes,1,4
#00BFC4,0.335876266162323,0.656002273475126,FF.Phil Hughes,1,4
#00BFC4,0.406253978068341,0.386326243680637,FF.Phil Hughes,1,4
#00BFC4,0.532824746767535,0.579571629423554,FF.Phil Hughes,1,4
#00BFC4,0.485906272163524,0.671707200335038,FF.Phil Hughes,1,4
#00BFC4,0.694857153248832,0.499102575608005,FF.Phil Hughes,1,4
#00BFC4,0.461719616650603,0.548610487899728,FF.Phil Hughes,1,4
#00BFC4,0.228945789157832,0.541730234227766,FF.Phil Hughes,1,4
#00BFC4,0.603929876884468,0.545020790331748,FF.Phil Hughes,1,4
#00BFC4,0.430440633581262,0.43030003888839,FC.Phil Hughes,1,3
#00BFC4,0.354243575987925,0.455128780400251,FF.Phil Hughes,1,4
#00BFC4,0.514821146047391,0.543824224475755,FF.Phil Hughes,1,4
#00BFC4,0.666305988470421,0.286263423973197,FC.Phil Hughes,1,3
#00BFC4,0.581016203240648,0.471880702384157,FF.Phil Hughes,1,4
#00BFC4,0.636845550928367,0.458419336504233,FF.Phil Hughes,1,4
#00BFC4,0.532642892214807,0.458718477968231,FF.Phil Hughes,1,4
#00BFC4,0.474449435341614,0.406518292500523,FF.Phil Hughes,1,4
#00BFC4,0.719225663314481,0.618160878279338,FF.Phil Hughes,1,4
#00BFC4,0.327329102184073,0.404274731520536,FF.Phil Hughes,1,4
#00BFC4,0.650302787830293,0.419231804720452,FF.Phil Hughes,1,4
#00BFC4,0.6750350070014,0.432394029136379,FF.Phil Hughes,1,4
#00BFC4,0.53500700140028,0.422073648628436,FC.Phil Hughes,1,3
#00BFC4,0.631753623451963,0.364638487540758,FC.Phil Hughes,1,3
#00BFC4,0.743230464274673,0.428355619372401,FF.Phil Hughes,1,4
#00BFC4,0.550464638382222,0.31782284842502,FC.Phil Hughes,1,3
#00BFC4,0.406253978068341,0.632519668551258,FF.Phil Hughes,1,4
#00BFC4,0.531188055792977,0.63222052708726,FF.Phil Hughes,1,4
#00BFC4,0.303324301223881,0.437180292560352,FF.Phil Hughes,1,4
#00BFC4,0.303142446671152,0.486389063388076,FF.Phil Hughes,1,4
#00BFC4,0.0650948371492481,0.395898770528583,FF.Phil Hughes,1,4
#00BFC4,0.338058520795068,0.517948487839899,FF.Phil Hughes,1,4
#00BFC4,0.350970194038808,0.617263453887343,FF.Phil Hughes,1,4
#00BFC4,0.677762825292331,0.597520117263454,FF.Phil Hughes,1,4
#00BFC4,0.538825947007583,0.447201531604296,FC.Phil Hughes,1,3
#00BFC4,0.687219262034225,0.45527835113225,FF.Phil Hughes,1,4
#00BFC4,0.526641691974759,0.518098058571899,FF.Phil Hughes,1,4
#00BFC4,0.673034606921384,0.479060097520117,FF.Phil Hughes,1,4
#00BFC4,0.589563367218898,0.523333034191869,FF.Phil Hughes,1,4
#00BFC4,0.421529760497554,0.546666068383739,FF.Phil Hughes,1,4
#00BFC4,0.563740020731419,0.720766400430764,FF.Phil Hughes,1,4
#00BFC4,0.440078924875884,0.570746956235604,FF.Phil Hughes,1,4
#00BFC4,0.551010202040408,0.467692721888181,FC.Phil Hughes,1,3
#00BFC4,0.398434232301006,0.656151844207125,FF.Phil Hughes,1,4
#00BFC4,0.368246376548037,0.469936282868168,FF.Phil Hughes,1,4
#00BFC4,0.535370710505737,0.524828741511861,FF.Phil Hughes,1,4
#00BFC4,0.259861063121715,0.446902390140297,FF.Phil Hughes,1,4
#00BFC4,0.463174453072433,0.731385922402704,FF.Phil Hughes,1,4
#00BFC4,0.508092527596428,0.515256214663915,FF.Phil Hughes,1,4
#00BFC4,0.529733219371147,0.448098955996291,FC.Phil Hughes,1,3
#00BFC4,0.740502645983742,0.490577043884053,FF.Phil Hughes,1,4
#00BFC4,0.954545454545455,0.390364653444614,FC.Phil Hughes,1,3
#00BFC4,0.574287584789685,0.366882048520745,FC.Phil Hughes,1,3
#00BFC4,0.171297895942825,0.64104520027521,FC.Phil Hughes,1,3
#00BFC4,0.425712415210315,0.569400819647611,FF.Phil Hughes,1,4
#00BFC4,0.600292785829893,0.628331688055281,FF.Phil Hughes,1,4
#00BFC4,0.556647693174999,0.517051063447904,FF.Phil Hughes,1,4
#00BFC4,0.709041808361672,0.536196117143797,FF.Phil Hughes,1,4
#00BFC4,0.637572969139282,0.468590146280176,FF.Phil Hughes,1,4
#00BFC4,0.547373110985834,0.374510155852703,FC.Phil Hughes,1,3
#00BFC4,0.465174853152449,0.5713452391636,FF.Phil Hughes,1,4
#00BFC4,0.60502100420084,0.488183912172066,FF.Phil Hughes,1,4
#00BFC4,0.547554965538562,0.459615902360226,FF.Phil Hughes,1,4
#00BFC4,0.445352706905017,0.513910078075922,FF.Phil Hughes,1,4
#00BFC4,0.505546563858226,0.456774058452242,FF.Phil Hughes,1,4
#00BFC4,0.520458637181982,0.505982829279966,FF.Phil Hughes,1,4
#00BFC4,0.445898270563204,0.459765473092225,FC.Phil Hughes,1,3
#00BFC4,0.646847551328448,0.666621795447067,FF.Phil Hughes,1,4
#00BFC4,0.647756824092091,0.491324897544049,FF.Phil Hughes,1,4
#00BFC4,0.53500700140028,0.392309072960603,FF.Phil Hughes,1,4
#00BFC4,0.446625688774118,0.478910526788118,FF.Phil Hughes,1,4
#F8766D,0.343877866482387,0.386027102216638,FC.Mariano Rivera,1,1
#F8766D,0.621387913946426,0.560127434263663,FC.Mariano Rivera,1,1
#F8766D,0.348787939406063,0.422522360824434,FC.Mariano Rivera,1,1
#F8766D,0.701040208041608,0.495363307308026,FC.Mariano Rivera,1,1
#F8766D,0.565558566258706,0.683224146698974,FC.Mariano Rivera,1,1
#F8766D,0.524459437342014,0.490128331688055,FC.Mariano Rivera,1,1
#F8766D,0.357516957937042,0.498653863412007,FC.Mariano Rivera,1,1
#F8766D,0.319509356416738,0.302716204493105,FC.Mariano Rivera,1,1
#F8766D,0.732501045663678,0.453034790152263,FC.Mariano Rivera,1,1
#F8766D,0.558466238702286,0.446603248676299,FC.Mariano Rivera,1,1
#F8766D,0.429713215370347,0.457521912112238,FC.Mariano Rivera,1,1
#F8766D,0.275136845550928,0.375407580244698,FF.Mariano Rivera,1,2
#F8766D,0.71358817217989,0.556836878159682,FC.Mariano Rivera,1,1
#F8766D,0.726136136318173,0.334126058212929,FC.Mariano Rivera,1,1
#F8766D,0.645756424012075,0.410556702264501,FC.Mariano Rivera,1,1
#F8766D,0.614477440942734,0.52318346345987,FC.Mariano Rivera,1,1
#F8766D,0.762143337758461,0.502841843907984,FC.Mariano Rivera,1,1
#F8766D,0.337512957136882,0.389915941248616,FC.Mariano Rivera,1,1
#F8766D,0.632299187110149,0.547114780579736,FC.Mariano Rivera,1,1
#F8766D,0.171479750495554,0.538140536659786,FC.Mariano Rivera,1,1
#F8766D,0.596110131117132,0.581964761135541,FC.Mariano Rivera,1,1
#F8766D,0.628843950608303,0.518845912231894,FC.Mariano Rivera,1,1
#00BFC4,0.325874265762243,0.604400370935415,FF.Phil Hughes,1,4
#00BFC4,0.590654494535271,0.680980585718986,FF.Phil Hughes,1,4
#00BFC4,0.750140937278365,0.454829638936253,FF.Phil Hughes,1,4
#00BFC4,0.509001800360072,0.546965209847737,FF.Phil Hughes,1,4
#00BFC4,0.490816345087199,0.432693170600377,FF.Phil Hughes,1,4
#00BFC4,0.15347614977541,0.460363756020222,FF.Phil Hughes,1,4
#00BFC4,0.576651693975159,0.449295521852284,FF.Phil Hughes,1,4
#00BFC4,0.445534561457746,0.603203805079422,FF.Phil Hughes,1,4
#00BFC4,0.318963792758552,0.526474019563852,FF.Phil Hughes,1,4
#00BFC4,0.189301496662969,0.695339375990906,FF.Phil Hughes,1,4
#00BFC4,0.513002600520104,0.644186185647192,FF.Phil Hughes,1,4
#00BFC4,0.304597283092982,0.504786263423973,FF.Phil Hughes,1,4
#00BFC4,0.306233974067541,0.685916419874959,FF.Phil Hughes,1,4
#00BFC4,0.493907872483588,0.626237697807293,FC.Phil Hughes,1,3
#00BFC4,0.544281583589445,0.404274731520536,FC.Phil Hughes,1,3
#00BFC4,0.409891069122915,0.691749678422926,FF.Phil Hughes,1,4
#00BFC4,0.372610885813526,0.604998653863412,FC.Phil Hughes,1,3
#00BFC4,0.569923075524196,0.412800263244488,FF.Phil Hughes,1,4
#00BFC4,0.265316699703577,0.466944868228185,FF.Phil Hughes,1,4
#00BFC4,0.351333903144265,0.769825600526489,FF.Phil Hughes,1,4
#00BFC4,0.447534961537762,0.805722576206288,FF.Phil Hughes,1,4
#00BFC4,0.394615286693702,0.417287385204463,FF.Phil Hughes,1,4
#00BFC4,0.344423430140574,0.664826946663077,FF.Phil Hughes,1,4
#00BFC4,0.450990198039608,0.613823327051363,FF.Phil Hughes,1,4
#00BFC4,0.333875866082307,0.595126985551467,FF.Phil Hughes,1,4
#00BFC4,0.48499699939988,0.359253941188788,FF.Phil Hughes,1,4
#00BFC4,0.377157249631745,0.689655688174938,FF.Phil Hughes,1,4
#00BFC4,0.713406317627162,0.31064345328906,FF.Phil Hughes,1,4
#00BFC4,0.438624088454054,0.33397648748093,FF.Phil Hughes,1,4
#00BFC4,0.545372710905818,0.367480331448742,FF.Phil Hughes,1,4
#00BFC4,0.683400316426922,0.294938526429148,FC.Phil Hughes,1,3
#00BFC4,0.484269581188965,0.476367824344132,FC.Phil Hughes,1,3
#00BFC4,0.587381112586154,0.66422866373508,FF.Phil Hughes,1,4
#00BFC4,0.390978195639128,0.458718477968231,FF.Phil Hughes,1,4
#00BFC4,0.541190056193057,0.473376409704149,FF.Phil Hughes,1,4
#00BFC4,0.677580970739602,0.414146399832481,FC.Phil Hughes,1,3
#00BFC4,0.423348306024841,0.455128780400251,FF.Phil Hughes,1,4
#00BFC4,0.50209132735638,0.569251248915612,FC.Phil Hughes,1,3
#00BFC4,0.328420229500446,0.530213287863831,FF.Phil Hughes,1,4
#00BFC4,0.289321500663769,0.447500673068294,FF.Phil Hughes,1,4
#00BFC4,0.303324301223881,0.715381854078794,FF.Phil Hughes,1,4
#00BFC4,0.665942279364964,0.420877082772443,FC.Phil Hughes,1,3
#00BFC4,0.303869864882067,0.449445092584283,FF.Phil Hughes,1,4
#00BFC4,0.15056647693175,0.476367824344132,FF.Phil Hughes,1,4
#00BFC4,0.327510956736802,0.621002722187322,FC.Phil Hughes,1,3
#00BFC4,0.27059048173271,0.443013551108319,FF.Phil Hughes,1,4
#00BFC4,0.526641691974759,0.531559424451823,FC.Phil Hughes,1,3
#00BFC4,0.653394315226682,0.368228185108738,FC.Phil Hughes,1,3
#00BFC4,0.433714015530379,0.456474916988244,FC.Phil Hughes,1,3
#00BFC4,0.606112131517213,0.551601902539711,FF.Phil Hughes,1,4
#00BFC4,0.211487752095874,0.405920009572527,FF.Phil Hughes,1,4
#00BFC4,0.247676808088891,0.543076370815759,FF.Phil Hughes,1,4
#00BFC4,0.40643583262107,0.620554009991325,FF.Phil Hughes,1,4
#00BFC4,0.247676808088891,0.535149122019803,FF.Phil Hughes,1,4
#00BFC4,0.345696412009675,0.548460917167728,FF.Phil Hughes,1,4
#00BFC4,0.586289985269781,0.432543599868378,FF.Phil Hughes,1,4
#00BFC4,0.492453036061758,0.695189805258907,FF.Phil Hughes,1,4
#00BFC4,0.620660495735511,0.51600406832391,FF.Phil Hughes,1,4
#F8766D,0.307870665042099,0.395300487600586,FC.Mariano Rivera,1,1
#F8766D,0.692856753168816,0.337715755780909,FC.Mariano Rivera,1,1
#F8766D,0.332602884213206,0.40352687786054,FF.Mariano Rivera,1,2
#F8766D,0.370428631180782,0.415043824224476,FC.Mariano Rivera,1,1
#F8766D,0.417165251232065,0.368377755840737,FC.Mariano Rivera,1,1
#F8766D,0.359153648911601,0.326946663076969,FC.Mariano Rivera,1,1
#F8766D,0.345878266562403,0.42491549253642,FC.Mariano Rivera,1,1
#F8766D,0.606657695175399,0.670510634479045,FC.Mariano Rivera,1,1
#F8766D,0.138927785557111,0.404723443716533,FC.Mariano Rivera,1,1
#F8766D,0.634663296295623,0.597819258727452,FC.Mariano Rivera,1,1
#F8766D,0.532824746767535,0.416389960812468,FC.Mariano Rivera,1,1
#F8766D,0.354243575987925,0.576580214783571,FC.Mariano Rivera,1,1
#F8766D,0.667033406681336,0.418184809596458,FC.Mariano Rivera,1,1
#F8766D,0.749595373620178,0.384680965628646,FC.Mariano Rivera,1,1
#F8766D,0.0541835639855244,0.564764126955637,FF.Mariano Rivera,1,2
#F8766D,0.729773227372747,0.438825570612343,FC.Mariano Rivera,1,1
#F8766D,0.596110131117132,0.403377307128541,FC.Mariano Rivera,1,1
#F8766D,0.509729218570987,0.547862634239732,FC.Mariano Rivera,1,1
#F8766D,0.326601683973158,0.46245774626821,FC.Mariano Rivera,1,1
#F8766D,0.700312789830693,0.576580214783571,FC.Mariano Rivera,1,1
#F8766D,0.637027405481096,0.471880702384157,FC.Mariano Rivera,1,1
#F8766D,0.308234374147557,0.418483951060456,FC.Mariano Rivera,1,1
#F8766D,0.192574878612086,0.562071853779652,FF.Mariano Rivera,1,2
#F8766D,0.221853461601411,0.476966107272129,FC.Mariano Rivera,1,1
#F8766D,0.21494298859772,0.422372790092435,FC.Mariano Rivera,1,1
#F8766D,0.360062921675244,0.453782643812259,FC.Mariano Rivera,1,1
#F8766D,0.224217570786885,0.376305004636693,FC.Mariano Rivera,1,1
#F8766D,0.274227572787285,0.475320829220138,FC.Mariano Rivera,1,1
#F8766D,0.537734819691211,0.861961171437973,FC.Mariano Rivera,1,1
#F8766D,0.406253978068341,0.209384067725627,FF.Mariano Rivera,1,2
#F8766D,0.64793867864482,0.619507014867331,FC.Mariano Rivera,1,1
#F8766D,0.365154849151648,0.400385892488558,FC.Mariano Rivera,1,1
#F8766D,0.781601774900435,0.632519668551258,FC.Mariano Rivera,1,1
#F8766D,0.43207732455582,0.27848574590924,FC.Mariano Rivera,1,1
#F8766D,0.377884667842659,0.438227287684346,FC.Mariano Rivera,1,1
#F8766D,0.383340304424521,0.360300936312782,FC.Mariano Rivera,1,1
#00BFC4,0.375156849551729,0.446902390140297,FF.Phil Hughes,1,4
#00BFC4,0.418074523995708,0.662284244219091,FF.Phil Hughes,1,4
#00BFC4,0.586835548927967,0.757859941966556,FF.Phil Hughes,1,4
#00BFC4,0.135472549055266,0.582563044063538,FF.Phil Hughes,1,4
#00BFC4,0.45353616177781,0.572392234287595,FF.Phil Hughes,1,4
#00BFC4,0.402616887013766,0.525576595171857,FF.Phil Hughes,1,4
#00BFC4,0.486997399479896,0.556238595231685,FF.Phil Hughes,1,4
#00BFC4,0.320236774627653,0.588994585539501,FF.Phil Hughes,1,4
#00BFC4,0.458082525596028,0.817538664034222,FF.Phil Hughes,1,4
#00BFC4,0.332421029660478,0.693394956474917,FF.Phil Hughes,1,4
#00BFC4,0.272227172707269,0.770723024918484,FF.Phil Hughes,1,4
#00BFC4,0.215852261361363,0.678437883275001,FF.Phil Hughes,1,4
#00BFC4,0.536643692374839,0.597968829459451,FF.Phil Hughes,1,4
#00BFC4,0.567740820891451,0.64104520027521,FF.Phil Hughes,1,4
#00BFC4,0.292413028060158,0.60170809775943,FF.Phil Hughes,1,4
#00BFC4,0.27350015457637,0.495512878040025,FF.Phil Hughes,1,4
#00BFC4,0.363336303624361,0.625938556343295,FF.Phil Hughes,1,4
#00BFC4,0.342241175507829,0.589443297735499,FF.Phil Hughes,1,4
#00BFC4,0.441897470403172,0.415492536420473,FF.Phil Hughes,1,4
#00BFC4,0.232946589317864,0.532905561039816,FF.Phil Hughes,1,4
#00BFC4,0.406981396279256,0.397244907116575,FF.Phil Hughes,1,4
#00BFC4,0.488815945007183,0.685018995482964,FF.Phil Hughes,1,4
#00BFC4,0.263134445070832,0.659442400311107,FF.Phil Hughes,1,4
#00BFC4,0.401707614250123,0.577926351371564,FF.Phil Hughes,1,4
#00BFC4,0.365518558257106,0.576879356247569,FF.Phil Hughes,1,4
#00BFC4,0.313144447071232,0.583759609919531,FF.Phil Hughes,1,4
#00BFC4,0.702131335357981,0.563417990367645,FC.Phil Hughes,1,3
#00BFC4,0.479905071923476,0.369275180232732,FF.Phil Hughes,1,4
#00BFC4,0.521549764498354,0.607840497771396,FF.Phil Hughes,1,4
#00BFC4,0.540644492534871,0.470384995064166,FF.Phil Hughes,1,4
#00BFC4,0.120742330284239,0.417137814472464,FF.Phil Hughes,1,4
#00BFC4,0.496271981669061,0.531559424451823,FF.Phil Hughes,1,4
#00BFC4,0.331875466002291,0.66781836130306,FF.Phil Hughes,1,4
#00BFC4,0.528278382949317,0.619207873403332,FF.Phil Hughes,1,4
#00BFC4,0.451172052592337,0.443761404768315,FF.Phil Hughes,1,4
#00BFC4,0.531188055792977,0.527670585419845,FF.Phil Hughes,1,4
#00BFC4,0.37642983142083,0.412949833976487,FF.Phil Hughes,1,4
#00BFC4,0.377884667842659,0.496260731700021,FF.Phil Hughes,1,4
#00BFC4,0.423166451472113,0.635959795387238,FF.Phil Hughes,1,4
#00BFC4,0.519913073523796,0.496859014628018,FF.Phil Hughes,1,4
#00BFC4,0.636845550928367,0.567605970863621,FF.Phil Hughes,1,4
#00BFC4,0.497363108985433,0.476367824344132,FC.Phil Hughes,1,3
#00BFC4,0.518276382549237,0.456026204792246,FF.Phil Hughes,1,4
#00BFC4,0.451353907145065,0.954545454545454,FF.Phil Hughes,1,4
#00BFC4,0.355516557857026,0.468291004816178,FC.Phil Hughes,1,3
#00BFC4,0.451172052592337,0.489978760956056,FF.Phil Hughes,1,4
#00BFC4,0.639937078324756,0.407864429088516,FF.Phil Hughes,1,4
#00BFC4,0.526823546527487,0.555789883035688,FC.Phil Hughes,1,3
#00BFC4,0.404799141646511,0.422671931556433,FF.Phil Hughes,1,4
#00BFC4,0.524641291894743,0.634314517335248,FF.Phil Hughes,1,4
#00BFC4,0.245312698903417,0.432394029136379,FF.Phil Hughes,1,4
#00BFC4,0.3920693229555,0.372715307068713,FF.Phil Hughes,1,4
#00BFC4,0.147111240429904,0.705659756498848,FF.Phil Hughes,1,4
#00BFC4,0.607021404280856,0.700125639414879,FC.Phil Hughes,1,3
#00BFC4,0.570286784629653,0.679036166202997,FF.Phil Hughes,1,4
#00BFC4,0.432259179108549,0.514059648807921,FF.Phil Hughes,1,4
#00BFC4,0.408799941806543,0.602455951419426,FF.Phil Hughes,1,4
#00BFC4,0.650484642383022,0.484594214604086,FF.Phil Hughes,1,4
#00BFC4,0.351697612249723,0.650767297855156,FF.Phil Hughes,1,4
#00BFC4,0.535370710505737,0.572541805019594,FF.Phil Hughes,1,4
#00BFC4,0.339877066322355,0.617712166083341,FF.Phil Hughes,1,4
#00BFC4,0.338967793558712,0.745296000478626,FF.Phil Hughes,1,4
#00BFC4,0.154749131644511,0.506431541475964,FF.Phil Hughes,1,4
#00BFC4,0.619751222971867,0.376454575368692,FF.Phil Hughes,1,4
#00BFC4,0.790512647984142,0.436282868168357,FF.Phil Hughes,1,4
#00BFC4,0.541917474403972,0.383185258308654,FF.Phil Hughes,1,4
#00BFC4,0.0454545454545455,0.579721200155554,FF.Phil Hughes,1,4
#00BFC4,0.601929476804452,0.493568458524036,FC.Phil Hughes,1,3
#00BFC4,0.518640091654695,0.558631726943672,FF.Phil Hughes,1,4
#F8766D,0.4749949989998,0.260387687337342,FC.Mariano Rivera,1,1
#F8766D,0.401343905144665,0.439573424272338,FC.Mariano Rivera,1,1
#F8766D,0.32205532015494,0.381839121720662,FC.Mariano Rivera,1,1
#F8766D,0.326965393078616,0.251563014149391,FC.Mariano Rivera,1,1
#F8766D,0.377339104184473,0.532008136647821,FC.Mariano Rivera,1,1
#F8766D,0.1091036389096,0.433291453528374,FF.Mariano Rivera,1,2
#F8766D,0.323328302024041,0.430599180352389,FC.Mariano Rivera,1,1
#F8766D,0.658486242703086,0.301519638637111,FC.Mariano Rivera,1,1
#F8766D,0.588654094455255,0.502692273175985,FC.Mariano Rivera,1,1
#F8766D,0.438078524795868,0.446603248676299,FC.Mariano Rivera,1,1
#F8766D,0.29059448253287,0.444808399892309,FC.Mariano Rivera,1,1
#F8766D,0.252768735565295,0.397992760776571,FC.Mariano Rivera,1,1
#F8766D,0.731046209241848,0.360300936312782,FC.Mariano Rivera,1,1
#00BFC4,0.466993398679736,0.609784917287385,FF.Phil Hughes,1,4
#00BFC4,0.588654094455255,0.568952107451614,FF.Phil Hughes,1,4
#00BFC4,0.570650493735111,0.468141434084178,FF.Phil Hughes,1,4
#00BFC4,0.549191656513121,0.41250112178049,FF.Phil Hughes,1,4
#00BFC4,0.48499699939988,0.589443297735499,FF.Phil Hughes,1,4
#00BFC4,0.774327592791285,0.481602799964103,FF.Phil Hughes,1,4
#00BFC4,0.585926276164324,0.524529600047863,FC.Phil Hughes,1,3
#00BFC4,0.633390314426522,0.525875736635855,FF.Phil Hughes,1,4
#00BFC4,0.63502700540108,0.431347034012384,FF.Phil Hughes,1,4
#00BFC4,0.496271981669061,0.504187980495976,FF.Phil Hughes,1,4
#00BFC4,0.663214461074033,0.442714409644321,FF.Phil Hughes,1,4
#00BFC4,0.667215261234065,0.402779024200544,FF.Phil Hughes,1,4
#00BFC4,0.65357616977941,0.68382242962697,FF.Phil Hughes,1,4
#00BFC4,0.456809543726927,0.199213257949684,FF.Phil Hughes,1,4
#00BFC4,0.343696011929659,0.634314517335248,FF.Phil Hughes,1,4
#00BFC4,0.348606084853334,0.575682790391576,FF.Phil Hughes,1,4
#00BFC4,0.394251577588245,0.650468156391157,FF.Phil Hughes,1,4
#00BFC4,0.269499354416338,0.587199736755512,FF.Phil Hughes,1,4
#00BFC4,0.400798341486479,0.510021239043944,FF.Phil Hughes,1,4
#00BFC4,0.379521358817218,0.663779951539083,FF.Phil Hughes,1,4
#00BFC4,0.580834348687919,0.610383200215382,FF.Phil Hughes,1,4
#00BFC4,0.680126934477805,0.631472673427264,FF.Phil Hughes,1,4
#00BFC4,0.378612086053574,0.769077746866493,FF.Phil Hughes,1,4
#00BFC4,0.610112931677245,0.586152741631517,FC.Phil Hughes,1,3
#00BFC4,0.564467438942334,0.600511531903437,FC.Phil Hughes,1,3
#F8766D,0.17057047773191,0.534550839091806,FF.Mariano Rivera,1,2
#F8766D,0.559921075124116,0.663032097879087,FC.Mariano Rivera,1,1
#F8766D,0.265498554256306,0.53215770737982,FC.Mariano Rivera,1,1
#F8766D,0.258042517594428,0.577477639175566,FC.Mariano Rivera,1,1
#F8766D,0.261497754096274,0.443611834036316,FC.Mariano Rivera,1,1
#F8766D,0.603748022331739,0.433291453528374,FC.Mariano Rivera,1,1
#F8766D,0.278955791158232,0.636258936851237,FC.Mariano Rivera,1,1
#F8766D,0.419893069522995,0.475619970684136,FC.Mariano Rivera,1,1
#F8766D,0.465720416810635,0.668117502767058,FC.Mariano Rivera,1,1
#F8766D,0.169661204968266,0.651365580783152,FF.Mariano Rivera,1,2
#F8766D,0.25349615377621,0.510469951239941,FC.Mariano Rivera,1,1
#00BFC4,0.48790667224354,0.586302312363517,FF.Phil Hughes,1,4
#00BFC4,0.517367109785593,0.556986448891681,FF.Phil Hughes,1,4
#00BFC4,0.518276382549237,0.688010410122947,FF.Phil Hughes,1,4
#00BFC4,0.493907872483588,0.675745610099016,FF.Phil Hughes,1,4
#00BFC4,0.523004600920184,0.545170361063747,FF.Phil Hughes,1,4
#00BFC4,0.481178053792577,0.493418887792037,FF.Phil Hughes,1,4
#00BFC4,0.634845150848351,0.251263872685393,FF.Phil Hughes,1,4
#00BFC4,0.449717216170507,0.617562595351342,FF.Phil Hughes,1,4
#00BFC4,0.497181254432705,0.584657034311526,FF.Phil Hughes,1,4
#00BFC4,0.482814744767135,0.506431541475964,FF.Phil Hughes,1,4
#00BFC4,0.615386713706378,0.508076819527955,FF.Phil Hughes,1,4
#00BFC4,0.539189656113041,0.513910078075922,FF.Phil Hughes,1,4
#00BFC4,0.681945480005092,0.494316312184032,FF.Phil Hughes,1,4
#00BFC4,0.661214060994017,0.515405785395914,FF.Phil Hughes,1,4
#00BFC4,0.714133735838077,0.628182117323282,FF.Phil Hughes,1,4
#F8766D,0.519185655312881,0.475470399952137,FC.Mariano Rivera,1,1
#F8766D,0.519185655312881,0.475470399952137,FC.Mariano Rivera,1,1
#F8766D,0.635936278164724,0.636558078315235,FC.Mariano Rivera,1,1
#F8766D,0.635936278164724,0.636558078315235,FC.Mariano Rivera,1,1
#F8766D,0.535916274163924,0.621002722187322,FC.Mariano Rivera,1,1
#F8766D,0.535916274163924,0.621002722187322,FC.Mariano Rivera,1,1
