y	x	label	showSelected	PANEL
0.954545454545455	0.5	End Speed: 82.4 MPH	1	1
0.954545454545455	0.5	End Speed: 82.3 MPH	2	1
0.954545454545455	0.5	End Speed: 83.1 MPH	3	1
0.954545454545455	0.5	End Speed: 83.6 MPH	4	1
0.954545454545455	0.5	End Speed: 84.3 MPH	5	1
0.954545454545455	0.5	End Speed: 83.6 MPH	6	1
0.954545454545455	0.5	End Speed: 84 MPH	7	1
0.954545454545455	0.5	End Speed: 84 MPH	8	1
0.954545454545455	0.5	End Speed: 83.5 MPH	9	1
0.954545454545455	0.5	End Speed: 83.3 MPH	10	1
0.954545454545455	0.5	End Speed: 83.8 MPH	11	1
0.954545454545455	0.5	End Speed: 84.2 MPH	12	1
0.954545454545455	0.5	End Speed: 84 MPH	13	1
0.954545454545455	0.5	End Speed: 83.2 MPH	14	1
0.954545454545455	0.5	End Speed: 83.4 MPH	15	1
0.954545454545455	0.5	End Speed: 83.1 MPH	16	1
0.954545454545455	0.5	End Speed: 82.6 MPH	17	1
0.954545454545455	0.5	End Speed: 82.8 MPH	18	1
0.954545454545455	0.5	End Speed: 83.5 MPH	19	1
0.954545454545455	0.5	End Speed: 81.7 MPH	20	1
0.954545454545455	0.5	End Speed: 82.9 MPH	21	1
0.954545454545455	0.5	End Speed: 83.3 MPH	22	1
0.954545454545455	0.5	End Speed: 84.1 MPH	23	1
0.954545454545455	0.5	End Speed: 83.2 MPH	24	1
0.954545454545455	0.5	End Speed: 84.5 MPH	25	1
0.954545454545455	0.5	End Speed: 84.6 MPH	26	1
0.954545454545455	0.5	End Speed: 83.4 MPH	27	1
0.954545454545455	0.5	End Speed: 84.1 MPH	28	1
0.954545454545455	0.5	End Speed: 84.8 MPH	29	1
0.954545454545455	0.5	End Speed: 84.9 MPH	30	1
0.954545454545455	0.5	End Speed: 83.4 MPH	31	1
0.954545454545455	0.5	End Speed: 83.6 MPH	32	1
0.954545454545455	0.5	End Speed: 84.1 MPH	33	1
0.954545454545455	0.5	End Speed: 84.5 MPH	34	1
0.954545454545455	0.5	End Speed: 82.6 MPH	35	1
0.954545454545455	0.5	End Speed: 83 MPH	36	1
0.954545454545455	0.5	End Speed: 84.1 MPH	37	1
0.954545454545455	0.5	End Speed: 83 MPH	38	1
0.954545454545455	0.5	End Speed: 84.4 MPH	39	1
0.954545454545455	0.5	End Speed: 84.4 MPH	40	1
0.954545454545455	0.5	End Speed: 83.5 MPH	41	1
0.954545454545455	0.5	End Speed: 83.3 MPH	42	1
0.954545454545455	0.5	End Speed: 83.6 MPH	43	1
0.954545454545455	0.5	End Speed: 84.2 MPH	44	1
0.954545454545455	0.5	End Speed: 83.7 MPH	45	1
0.954545454545455	0.5	End Speed: 84 MPH	46	1
0.954545454545455	0.5	End Speed: 83.7 MPH	47	1
0.954545454545455	0.5	End Speed: 85.7 MPH	48	1
0.954545454545455	0.5	End Speed: 84.4 MPH	49	1
0.954545454545455	0.5	End Speed: 83.5 MPH	50	1
0.954545454545455	0.5	End Speed: 81.4 MPH	51	1
0.954545454545455	0.5	End Speed: 81.8 MPH	52	1
0.954545454545455	0.5	End Speed: 84.2 MPH	53	1
0.954545454545455	0.5	End Speed: 84.2 MPH	54	1
0.954545454545455	0.5	End Speed: 84.7 MPH	55	1
0.954545454545455	0.5	End Speed: 83.3 MPH	56	1
0.954545454545455	0.5	End Speed: 82.2 MPH	57	1
0.954545454545455	0.5	End Speed: 82.3 MPH	58	1
0.954545454545455	0.5	End Speed: 83.7 MPH	59	1
0.954545454545455	0.5	End Speed: 82.8 MPH	60	1
0.954545454545455	0.5	End Speed: 83.5 MPH	61	1
0.954545454545455	0.5	End Speed: 81.8 MPH	62	1
0.954545454545455	0.5	End Speed: 82 MPH	63	1
0.954545454545455	0.5	End Speed: 84.2 MPH	64	1
0.954545454545455	0.5	End Speed: 83.6 MPH	65	1
0.954545454545455	0.5	End Speed: 82.8 MPH	66	1
0.954545454545455	0.5	End Speed: 82.1 MPH	67	1
0.954545454545455	0.5	End Speed: 83.7 MPH	68	1
0.954545454545455	0.5	End Speed: 83 MPH	69	1
0.954545454545455	0.5	End Speed: 84.5 MPH	70	1
0.954545454545455	0.5	End Speed: 84.3 MPH	71	1
0.954545454545455	0.5	End Speed: 83.3 MPH	72	1
0.954545454545455	0.5	End Speed: 83.1 MPH	73	1
0.954545454545455	0.5	End Speed: 83.7 MPH	74	1
0.954545454545455	0.5	End Speed: 81.8 MPH	75	1
0.954545454545455	0.5	End Speed: 81.7 MPH	76	1
0.954545454545455	0.5	End Speed: 83.3 MPH	77	1
0.954545454545455	0.5	End Speed: 83.8 MPH	78	1
0.954545454545455	0.5	End Speed: 81.5 MPH	79	1
0.954545454545455	0.5	End Speed: 84.2 MPH	80	1
0.954545454545455	0.5	End Speed: 81.3 MPH	81	1
0.954545454545455	0.5	End Speed: 84.7 MPH	82	1
0.954545454545455	0.5	End Speed: 84.1 MPH	83	1
0.954545454545455	0.5	End Speed: 83.5 MPH	84	1
0.954545454545455	0.5	End Speed: 85.4 MPH	85	1
0.954545454545455	0.5	End Speed: 86.1 MPH	86	1
0.954545454545455	0.5	End Speed: 85.9 MPH	87	1
0.954545454545455	0.5	End Speed: 85.7 MPH	88	1
0.954545454545455	0.5	End Speed: 84.1 MPH	89	1
0.954545454545455	0.5	End Speed: 84.2 MPH	90	1
0.954545454545455	0.5	End Speed: 85.7 MPH	91	1
0.954545454545455	0.5	End Speed: 83.7 MPH	92	1
0.954545454545455	0.5	End Speed: 83.6 MPH	93	1
0.954545454545455	0.5	End Speed: 84.7 MPH	94	1
0.954545454545455	0.5	End Speed: 85.3 MPH	95	1
0.954545454545455	0.5	End Speed: 85.5 MPH	96	1
0.954545454545455	0.5	End Speed: 84.6 MPH	97	1
0.954545454545455	0.5	End Speed: 84 MPH	98	1
0.954545454545455	0.5	End Speed: 83.8 MPH	99	1
0.954545454545455	0.5	End Speed: 83.1 MPH	100	1
0.954545454545455	0.5	End Speed: 85 MPH	101	1
0.954545454545455	0.5	End Speed: 84.5 MPH	102	1
0.954545454545455	0.5	End Speed: 84 MPH	103	1
0.954545454545455	0.5	End Speed: 85 MPH	104	1
0.954545454545455	0.5	End Speed: 83.7 MPH	105	1
0.954545454545455	0.5	End Speed: 84.2 MPH	106	1
0.954545454545455	0.5	End Speed: 85.8 MPH	107	1
0.954545454545455	0.5	End Speed: 85.3 MPH	108	1
0.954545454545455	0.5	End Speed: 84.8 MPH	109	1
0.954545454545455	0.5	End Speed: 84.5 MPH	110	1
0.954545454545455	0.5	End Speed: 84 MPH	111	1
0.954545454545455	0.5	End Speed: 83.7 MPH	112	1
0.954545454545455	0.5	End Speed: 84.4 MPH	113	1
0.954545454545455	0.5	End Speed: 84.4 MPH	114	1
0.954545454545455	0.5	End Speed: 84.9 MPH	115	1
0.954545454545455	0.5	End Speed: 84.4 MPH	116	1
0.954545454545455	0.5	End Speed: 84.9 MPH	117	1
0.954545454545455	0.5	End Speed: 84 MPH	118	1
0.954545454545455	0.5	End Speed: 83.8 MPH	119	1
0.954545454545455	0.5	End Speed: 84.8 MPH	120	1
0.954545454545455	0.5	End Speed: 84.9 MPH	121	1
0.954545454545455	0.5	End Speed: 83.4 MPH	122	1
0.954545454545455	0.5	End Speed: 82.2 MPH	123	1
0.954545454545455	0.5	End Speed: 83.7 MPH	124	1
0.954545454545455	0.5	End Speed: 82.9 MPH	125	1
0.954545454545455	0.5	End Speed: 84.2 MPH	126	1
0.954545454545455	0.5	End Speed: 83.9 MPH	127	1
0.954545454545455	0.5	End Speed: 84.8 MPH	128	1
0.954545454545455	0.5	End Speed: 84.1 MPH	129	1
0.954545454545455	0.5	End Speed: 83.8 MPH	130	1
0.954545454545455	0.5	End Speed: 84.3 MPH	131	1
0.954545454545455	0.5	End Speed: 83.9 MPH	132	1
0.954545454545455	0.5	End Speed: 85.4 MPH	133	1
0.954545454545455	0.5	End Speed: 84.9 MPH	134	1
0.954545454545455	0.5	End Speed: 85.3 MPH	135	1
0.954545454545455	0.5	End Speed: 85.8 MPH	136	1
0.954545454545455	0.5	End Speed: 86.5 MPH	137	1
0.954545454545455	0.5	End Speed: 85.6 MPH	138	1
0.954545454545455	0.5	End Speed: 85 MPH	139	1
0.954545454545455	0.5	End Speed: 85.8 MPH	140	1
0.954545454545455	0.5	End Speed: 86.3 MPH	141	1
0.954545454545455	0.5	End Speed: 83.8 MPH	142	1
0.954545454545455	0.5	End Speed: 85 MPH	143	1
0.954545454545455	0.5	End Speed: 84.7 MPH	144	1
0.954545454545455	0.5	End Speed: 83.1 MPH	145	1
0.954545454545455	0.5	End Speed: 83.7 MPH	146	1
0.954545454545455	0.5	End Speed: 84.2 MPH	147	1
0.954545454545455	0.5	End Speed: 84.4 MPH	148	1
0.954545454545455	0.5	End Speed: 83.5 MPH	149	1
0.954545454545455	0.5	End Speed: 83.4 MPH	150	1
0.954545454545455	0.5	End Speed: 83.4 MPH	151	1
0.954545454545455	0.5	End Speed: 83.1 MPH	152	1
0.954545454545455	0.5	End Speed: 82.9 MPH	153	1
0.954545454545455	0.5	End Speed: 83.3 MPH	154	1
0.954545454545455	0.5	End Speed: 83.3 MPH	155	1
0.954545454545455	0.5	End Speed: 84.6 MPH	156	1
0.954545454545455	0.5	End Speed: 83.2 MPH	157	1
0.954545454545455	0.5	End Speed: 84.5 MPH	158	1
0.954545454545455	0.5	End Speed: 83.8 MPH	159	1
0.954545454545455	0.5	End Speed: 84.1 MPH	160	1
0.954545454545455	0.5	End Speed: 84.2 MPH	161	1
0.954545454545455	0.5	End Speed: 82.6 MPH	162	1
0.954545454545455	0.5	End Speed: 82.8 MPH	163	1
0.954545454545455	0.5	End Speed: 82.9 MPH	164	1
0.954545454545455	0.5	End Speed: 84 MPH	165	1
0.954545454545455	0.5	End Speed: 84.5 MPH	166	1
0.954545454545455	0.5	End Speed: 83.5 MPH	167	1
0.954545454545455	0.5	End Speed: 82.9 MPH	168	1
0.954545454545455	0.5	End Speed: 84.7 MPH	169	1
0.954545454545455	0.5	End Speed: 83.9 MPH	170	1
0.954545454545455	0.5	End Speed: 84.3 MPH	171	1
0.954545454545455	0.5	End Speed: 84.3 MPH	172	1
0.954545454545455	0.5	End Speed: 84.1 MPH	173	1
0.954545454545455	0.5	End Speed: 84.1 MPH	174	1
0.954545454545455	0.5	End Speed: 84.6 MPH	175	1
0.954545454545455	0.5	End Speed: 84.5 MPH	176	1
0.954545454545455	0.5	End Speed: 85.8 MPH	177	1
0.954545454545455	0.5	End Speed: 84.5 MPH	178	1
0.954545454545455	0.5	End Speed: 85.2 MPH	179	1
0.954545454545455	0.5	End Speed: 85.4 MPH	180	1
0.954545454545455	0.5	End Speed: 83.7 MPH	181	1
0.954545454545455	0.5	End Speed: 84.7 MPH	182	1
0.954545454545455	0.5	End Speed: 84.9 MPH	183	1
0.954545454545455	0.5	End Speed: 84.3 MPH	184	1
0.954545454545455	0.5	End Speed: 84.7 MPH	185	1
0.954545454545455	0.5	End Speed: 83.9 MPH	186	1
0.954545454545455	0.5	End Speed: 83.6 MPH	187	1
0.954545454545455	0.5	End Speed: 84.1 MPH	188	1
0.954545454545455	0.5	End Speed: 85 MPH	189	1
0.954545454545455	0.5	End Speed: 84.9 MPH	190	1
0.954545454545455	0.5	End Speed: 85.3 MPH	191	1
0.954545454545455	0.5	End Speed: 84.4 MPH	192	1
0.954545454545455	0.5	End Speed: 83.7 MPH	193	1
0.954545454545455	0.5	End Speed: 84.5 MPH	194	1
0.954545454545455	0.5	End Speed: 85.3 MPH	195	1
0.954545454545455	0.5	End Speed: 83.4 MPH	196	1
0.954545454545455	0.5	End Speed: 82.6 MPH	197	1
0.954545454545455	0.5	End Speed: 84.6 MPH	198	1
0.954545454545455	0.5	End Speed: 86 MPH	199	1
0.954545454545455	0.5	End Speed: 84.6 MPH	200	1
0.954545454545455	0.5	End Speed: 86.5 MPH	201	1
0.954545454545455	0.5	End Speed: 84.8 MPH	202	1
0.954545454545455	0.5	End Speed: 85.8 MPH	203	1
0.954545454545455	0.5	End Speed: 84.2 MPH	204	1
0.954545454545455	0.5	End Speed: 84.6 MPH	205	1
0.954545454545455	0.5	End Speed: 83.9 MPH	206	1
0.954545454545455	0.5	End Speed: 84.8 MPH	207	1
0.954545454545455	0.5	End Speed: 84.9 MPH	208	1
0.954545454545455	0.5	End Speed: 84.9 MPH	209	1
0.954545454545455	0.5	End Speed: 84.3 MPH	210	1
0.954545454545455	0.5	End Speed: 84.7 MPH	211	1
0.954545454545455	0.5	End Speed: 84.9 MPH	212	1
0.954545454545455	0.5	End Speed: 86.3 MPH	213	1
0.954545454545455	0.5	End Speed: 85.8 MPH	214	1
0.954545454545455	0.5	End Speed: 86.1 MPH	215	1
0.954545454545455	0.5	End Speed: 85.5 MPH	216	1
0.954545454545455	0.5	End Speed: 84.4 MPH	217	1
0.954545454545455	0.5	End Speed: 84.1 MPH	218	1
0.954545454545455	0.5	End Speed: 85.2 MPH	219	1
0.954545454545455	0.5	End Speed: 85.8 MPH	220	1
0.954545454545455	0.5	End Speed: 84.7 MPH	221	1
0.954545454545455	0.5	End Speed: 85.2 MPH	222	1
0.954545454545455	0.5	End Speed: 85.5 MPH	223	1
0.954545454545455	0.5	End Speed: 83.4 MPH	224	1
0.954545454545455	0.5	End Speed: 86.2 MPH	225	1
0.954545454545455	0.5	End Speed: 83.5 MPH	226	1
0.954545454545455	0.5	End Speed: 84.2 MPH	227	1
0.954545454545455	0.5	End Speed: 83.9 MPH	228	1
0.954545454545455	0.5	End Speed: 84 MPH	229	1
0.954545454545455	0.5	End Speed: 84.3 MPH	230	1
0.954545454545455	0.5	End Speed: 85 MPH	231	1
0.954545454545455	0.5	End Speed: 85.2 MPH	232	1
0.954545454545455	0.5	End Speed: 85.5 MPH	233	1
0.954545454545455	0.5	End Speed: 84.6 MPH	234	1
0.954545454545455	0.5	End Speed: 84.6 MPH	235	1
0.954545454545455	0.5	End Speed: 83.2 MPH	236	1
0.954545454545455	0.5	End Speed: 84.5 MPH	237	1
0.954545454545455	0.5	End Speed: 83.6 MPH	238	1
0.954545454545455	0.5	End Speed: 85.2 MPH	239	1
0.954545454545455	0.5	End Speed: 85.7 MPH	240	1
0.954545454545455	0.5	End Speed: 85 MPH	241	1
0.954545454545455	0.5	End Speed: 84.5 MPH	242	1
0.954545454545455	0.5	End Speed: 82.4 MPH	243	1
0.954545454545455	0.5	End Speed: 85.2 MPH	244	1
0.954545454545455	0.5	End Speed: 83.5 MPH	245	1
0.954545454545455	0.5	End Speed: 83.1 MPH	246	1
0.954545454545455	0.5	End Speed: 85.1 MPH	247	1
0.954545454545455	0.5	End Speed: 83.5 MPH	248	1
0.954545454545455	0.5	End Speed: 83.6 MPH	249	1
0.954545454545455	0.5	End Speed: 83.1 MPH	250	1
0.954545454545455	0.5	End Speed: 82.9 MPH	251	1
0.954545454545455	0.5	End Speed: 85.5 MPH	252	1
0.954545454545455	0.5	End Speed: 86.5 MPH	253	1
0.954545454545455	0.5	End Speed: 85.6 MPH	254	1
0.954545454545455	0.5	End Speed: 84.8 MPH	255	1
0.954545454545455	0.5	End Speed: 84.6 MPH	256	1
0.954545454545455	0.5	End Speed: 82.6 MPH	257	1
0.954545454545455	0.5	End Speed: 83.6 MPH	258	1
0.954545454545455	0.5	End Speed: 82.4 MPH	259	1
0.954545454545455	0.5	End Speed: 82.9 MPH	260	1
0.954545454545455	0.5	End Speed: 82.5 MPH	261	1
0.954545454545455	0.5	End Speed: 82.8 MPH	262	1
0.954545454545455	0.5	End Speed: 83.9 MPH	263	1
0.954545454545455	0.5	End Speed: 83.9 MPH	264	1
0.954545454545455	0.5	End Speed: 84.8 MPH	265	1
0.954545454545455	0.5	End Speed: 85.2 MPH	266	1
0.954545454545455	0.5	End Speed: 82.9 MPH	267	1
0.954545454545455	0.5	End Speed: 82.6 MPH	268	1
0.954545454545455	0.5	End Speed: 84.4 MPH	269	1
0.954545454545455	0.5	End Speed: 84 MPH	270	1
0.954545454545455	0.5	End Speed: 84.3 MPH	271	1
0.954545454545455	0.5	End Speed: 83.7 MPH	272	1
0.954545454545455	0.5	End Speed: 83.3 MPH	273	1
0.954545454545455	0.5	End Speed: 83.4 MPH	274	1
0.954545454545455	0.5	End Speed: 84.3 MPH	275	1
0.954545454545455	0.5	End Speed: 84.2 MPH	276	1
0.954545454545455	0.5	End Speed: 83.8 MPH	277	1
0.954545454545455	0.5	End Speed: 84.3 MPH	278	1
0.954545454545455	0.5	End Speed: 84.2 MPH	279	1
0.954545454545455	0.5	End Speed: 85.3 MPH	280	1
0.954545454545455	0.5	End Speed: 85.5 MPH	281	1
0.954545454545455	0.5	End Speed: 83.9 MPH	282	1
0.954545454545455	0.5	End Speed: 84.9 MPH	283	1
0.954545454545455	0.5	End Speed: 84.1 MPH	284	1
0.954545454545455	0.5	End Speed: 82.7 MPH	285	1
0.954545454545455	0.5	End Speed: 83.2 MPH	286	1
0.954545454545455	0.5	End Speed: 83 MPH	287	1
0.954545454545455	0.5	End Speed: 81.7 MPH	288	1
0.954545454545455	0.5	End Speed: 84.4 MPH	289	1
0.954545454545455	0.5	End Speed: 83.7 MPH	290	1
0.954545454545455	0.5	End Speed: 85.3 MPH	291	1
0.954545454545455	0.5	End Speed: 85.3 MPH	292	1
0.954545454545455	0.5	End Speed: 84.5 MPH	293	1
0.954545454545455	0.5	End Speed: 83.4 MPH	294	1
0.954545454545455	0.5	End Speed: 83.6 MPH	295	1
0.954545454545455	0.5	End Speed: 84.5 MPH	296	1
0.954545454545455	0.5	End Speed: 84.1 MPH	297	1
0.954545454545455	0.5	End Speed: 86.2 MPH	298	1
0.954545454545455	0.5	End Speed: 85.9 MPH	299	1
0.954545454545455	0.5	End Speed: 84.6 MPH	300	1
0.954545454545455	0.5	End Speed: 86.1 MPH	301	1
0.954545454545455	0.5	End Speed: 85.8 MPH	302	1
0.954545454545455	0.5	End Speed: 84.6 MPH	303	1
0.954545454545455	0.5	End Speed: 83.9 MPH	304	1
0.954545454545455	0.5	End Speed: 85.2 MPH	305	1
0.954545454545455	0.5	End Speed: 84.8 MPH	306	1
0.954545454545455	0.5	End Speed: 86.9 MPH	307	1
0.954545454545455	0.5	End Speed: 86.6 MPH	308	1
0.954545454545455	0.5	End Speed: 85.2 MPH	309	1
0.954545454545455	0.5	End Speed: 84.5 MPH	310	1
0.954545454545455	0.5	End Speed: 84.5 MPH	311	1
0.954545454545455	0.5	End Speed: 85.3 MPH	312	1
0.954545454545455	0.5	End Speed: 85.3 MPH	313	1
0.954545454545455	0.5	End Speed: 86.1 MPH	314	1
0.954545454545455	0.5	End Speed: 86 MPH	315	1
0.954545454545455	0.5	End Speed: 84.7 MPH	316	1
0.954545454545455	0.5	End Speed: 84.4 MPH	317	1
0.954545454545455	0.5	End Speed: 85.1 MPH	318	1
0.954545454545455	0.5	End Speed: 84.6 MPH	319	1
0.954545454545455	0.5	End Speed: 85 MPH	320	1
0.954545454545455	0.5	End Speed: 84.5 MPH	321	1
0.954545454545455	0.5	End Speed: 83.3 MPH	322	1
0.954545454545455	0.5	End Speed: 85.3 MPH	323	1
0.954545454545455	0.5	End Speed: 85.1 MPH	324	1
0.954545454545455	0.5	End Speed: 84.8 MPH	325	1
0.954545454545455	0.5	End Speed: 84.9 MPH	326	1
0.954545454545455	0.5	End Speed: 84.5 MPH	327	1
0.954545454545455	0.5	End Speed: 84.6 MPH	328	1
0.954545454545455	0.5	End Speed: 84.2 MPH	329	1
0.954545454545455	0.5	End Speed: 84.1 MPH	330	1
0.954545454545455	0.5	End Speed: 84.7 MPH	331	1
0.954545454545455	0.5	End Speed: 84.9 MPH	332	1
0.954545454545455	0.5	End Speed: 85 MPH	333	1
0.954545454545455	0.5	End Speed: 85.2 MPH	334	1
0.954545454545455	0.5	End Speed: 85.8 MPH	335	1
0.954545454545455	0.5	End Speed: 85.2 MPH	336	1
0.954545454545455	0.5	End Speed: 84.8 MPH	337	1
0.954545454545455	0.5	End Speed: 84.2 MPH	338	1
0.954545454545455	0.5	End Speed: 85.6 MPH	339	1
0.954545454545455	0.5	End Speed: 84.7 MPH	340	1
0.954545454545455	0.5	End Speed: 84.3 MPH	341	1
0.954545454545455	0.5	End Speed: 85.5 MPH	342	1
0.954545454545455	0.5	End Speed: 85.3 MPH	343	1
0.954545454545455	0.5	End Speed: 84.7 MPH	344	1
0.954545454545455	0.5	End Speed: 84.6 MPH	345	1
0.954545454545455	0.5	End Speed: 84.4 MPH	346	1
0.954545454545455	0.5	End Speed: 84.7 MPH	347	1
0.954545454545455	0.5	End Speed: 84.1 MPH	348	1
0.954545454545455	0.5	End Speed: 86.1 MPH	349	1
0.954545454545455	0.5	End Speed: 83.7 MPH	350	1
0.954545454545455	0.5	End Speed: 84.4 MPH	351	1
0.954545454545455	0.5	End Speed: 85.6 MPH	352	1
0.954545454545455	0.5	End Speed: 84.8 MPH	353	1
0.954545454545455	0.5	End Speed: 85.5 MPH	354	1
0.954545454545455	0.5	End Speed: 84 MPH	355	1
0.954545454545455	0.5	End Speed: 85.7 MPH	356	1
0.954545454545455	0.5	End Speed: 85.4 MPH	357	1
0.954545454545455	0.5	End Speed: 86.8 MPH	358	1
0.954545454545455	0.5	End Speed: 86.3 MPH	359	1
0.954545454545455	0.5	End Speed: 85.9 MPH	360	1
0.954545454545455	0.5	End Speed: 84.9 MPH	361	1
0.954545454545455	0.5	End Speed: 86.2 MPH	362	1
0.954545454545455	0.5	End Speed: 86.3 MPH	363	1
0.954545454545455	0.5	End Speed: 86.2 MPH	364	1
0.954545454545455	0.5	End Speed: 86.6 MPH	365	1
0.954545454545455	0.5	End Speed: 85.6 MPH	366	1
0.954545454545455	0.5	End Speed: 86.3 MPH	367	1
0.954545454545455	0.5	End Speed: 86 MPH	368	1
0.954545454545455	0.5	End Speed: 85.9 MPH	369	1
0.954545454545455	0.5	End Speed: 84.9 MPH	370	1
0.954545454545455	0.5	End Speed: 85.3 MPH	371	1
0.954545454545455	0.5	End Speed: 86.5 MPH	372	1
0.954545454545455	0.5	End Speed: 86.3 MPH	373	1
0.954545454545455	0.5	End Speed: 85.2 MPH	374	1
0.954545454545455	0.5	End Speed: 85.7 MPH	375	1
0.954545454545455	0.5	End Speed: 85.8 MPH	376	1
0.954545454545455	0.5	End Speed: 85.8 MPH	377	1
0.954545454545455	0.5	End Speed: 86.1 MPH	378	1
0.954545454545455	0.5	End Speed: 86.8 MPH	379	1
0.954545454545455	0.5	End Speed: 85.5 MPH	380	1
0.954545454545455	0.5	End Speed: 86 MPH	381	1
0.954545454545455	0.5	End Speed: 84.3 MPH	382	1
0.954545454545455	0.5	End Speed: 85.6 MPH	383	1
0.954545454545455	0.5	End Speed: 84.3 MPH	384	1
0.954545454545455	0.5	End Speed: 84.9 MPH	385	1
0.954545454545455	0.5	End Speed: 85.8 MPH	386	1
0.954545454545455	0.5	End Speed: 86.8 MPH	387	1
0.954545454545455	0.5	End Speed: 86.7 MPH	388	1
0.954545454545455	0.5	End Speed: 85.2 MPH	389	1
0.954545454545455	0.5	End Speed: 84.7 MPH	390	1
0.954545454545455	0.5	End Speed: 84.7 MPH	391	1
0.954545454545455	0.5	End Speed: 84.9 MPH	392	1
0.954545454545455	0.5	End Speed: 85.9 MPH	393	1
0.954545454545455	0.5	End Speed: 85.6 MPH	394	1
0.954545454545455	0.5	End Speed: 85.3 MPH	395	1
0.954545454545455	0.5	End Speed: 86.4 MPH	396	1
0.954545454545455	0.5	End Speed: 85.4 MPH	397	1
0.954545454545455	0.5	End Speed: 83.9 MPH	398	1
0.954545454545455	0.5	End Speed: 85.4 MPH	399	1
0.954545454545455	0.5	End Speed: 85 MPH	400	1
0.954545454545455	0.5	End Speed: 85.4 MPH	401	1
0.954545454545455	0.5	End Speed: 86.3 MPH	402	1
0.954545454545455	0.5	End Speed: 84.3 MPH	403	1
0.954545454545455	0.5	End Speed: 85.6 MPH	404	1
0.954545454545455	0.5	End Speed: 85.6 MPH	405	1
0.954545454545455	0.5	End Speed: 85.8 MPH	406	1
0.954545454545455	0.5	End Speed: 86.1 MPH	407	1
0.954545454545455	0.5	End Speed: 86.5 MPH	408	1
0.954545454545455	0.5	End Speed: 86.4 MPH	409	1
0.954545454545455	0.5	End Speed: 85.6 MPH	410	1
0.954545454545455	0.5	End Speed: 85.8 MPH	411	1
0.954545454545455	0.5	End Speed: 86.4 MPH	412	1
0.954545454545455	0.5	End Speed: 86.6 MPH	413	1
0.954545454545455	0.5	End Speed: 86.2 MPH	414	1
0.954545454545455	0.5	End Speed: 85.6 MPH	415	1
0.954545454545455	0.5	End Speed: 85.9 MPH	416	1
0.954545454545455	0.5	End Speed: 86.6 MPH	417	1
0.954545454545455	0.5	End Speed: 84.6 MPH	418	1
0.954545454545455	0.5	End Speed: 84.9 MPH	419	1
0.954545454545455	0.5	End Speed: 85.1 MPH	420	1
0.954545454545455	0.5	End Speed: 85.9 MPH	421	1
0.954545454545455	0.5	End Speed: 85.6 MPH	422	1
0.954545454545455	0.5	End Speed: 85.2 MPH	423	1
0.954545454545455	0.5	End Speed: 85.6 MPH	424	1
0.954545454545455	0.5	End Speed: 86.3 MPH	425	1
0.954545454545455	0.5	End Speed: 86.5 MPH	426	1
0.954545454545455	0.5	End Speed: 87.1 MPH	427	1
0.954545454545455	0.5	End Speed: 87 MPH	428	1
0.954545454545455	0.5	End Speed: 85.8 MPH	429	1
0.954545454545455	0.5	End Speed: 86 MPH	430	1
0.954545454545455	0.5	End Speed: 87.1 MPH	431	1
0.954545454545455	0.5	End Speed: 87.1 MPH	432	1
0.954545454545455	0.5	End Speed: 85.8 MPH	433	1
0.954545454545455	0.5	End Speed: 85.6 MPH	434	1
0.954545454545455	0.5	End Speed: 86.7 MPH	435	1
0.954545454545455	0.5	End Speed: 86.2 MPH	436	1
0.954545454545455	0.5	End Speed: 88 MPH	437	1
0.954545454545455	0.5	End Speed: 85.2 MPH	438	1
0.954545454545455	0.5	End Speed: 85.7 MPH	439	1
0.954545454545455	0.5	End Speed: 86 MPH	440	1
0.954545454545455	0.5	End Speed: 85.5 MPH	441	1
0.954545454545455	0.5	End Speed: 83.5 MPH	442	1
0.954545454545455	0.5	End Speed: 83.8 MPH	443	1
0.954545454545455	0.5	End Speed: 84.4 MPH	444	1
0.954545454545455	0.5	End Speed: 85.5 MPH	445	1
0.954545454545455	0.5	End Speed: 85.9 MPH	446	1
0.954545454545455	0.5	End Speed: 85.6 MPH	447	1
0.954545454545455	0.5	End Speed: 85.9 MPH	448	1
0.954545454545455	0.5	End Speed: 86.7 MPH	449	1
0.954545454545455	0.5	End Speed: 87.7 MPH	450	1
0.954545454545455	0.5	End Speed: 84.6 MPH	451	1
0.954545454545455	0.5	End Speed: 85.2 MPH	452	1
0.954545454545455	0.5	End Speed: 86.1 MPH	453	1
0.954545454545455	0.5	End Speed: 86.9 MPH	454	1
0.954545454545455	0.5	End Speed: 86.1 MPH	455	1
0.954545454545455	0.5	End Speed: 86.1 MPH	456	1
0.954545454545455	0.5	End Speed: 85.6 MPH	457	1
0.954545454545455	0.5	End Speed: 83.9 MPH	458	1
0.954545454545455	0.5	End Speed: 83.8 MPH	459	1
0.954545454545455	0.5	End Speed: 85.8 MPH	460	1
0.954545454545455	0.5	End Speed: 85.1 MPH	461	1
0.954545454545455	0.5	End Speed: 86.1 MPH	462	1
0.954545454545455	0.5	End Speed: 86.3 MPH	463	1
0.954545454545455	0.5	End Speed: 85.6 MPH	464	1
0.954545454545455	0.5	End Speed: 86.9 MPH	465	1
0.954545454545455	0.5	End Speed: 85.1 MPH	466	1
0.954545454545455	0.5	End Speed: 85.7 MPH	467	1
0.954545454545455	0.5	End Speed: 85.7 MPH	468	1
0.954545454545455	0.5	End Speed: 84.9 MPH	469	1
0.954545454545455	0.5	End Speed: 85.4 MPH	470	1
0.954545454545455	0.5	End Speed: 85 MPH	471	1
0.954545454545455	0.5	End Speed: 87 MPH	472	1
0.954545454545455	0.5	End Speed: 86.3 MPH	473	1
0.954545454545455	0.5	End Speed: 85.9 MPH	474	1
0.954545454545455	0.5	End Speed: 86.1 MPH	475	1
0.954545454545455	0.5	End Speed: 85.4 MPH	476	1
0.954545454545455	0.5	End Speed: 84.8 MPH	477	1
0.954545454545455	0.5	End Speed: 86.3 MPH	478	1
0.954545454545455	0.5	End Speed: 86 MPH	479	1
0.954545454545455	0.5	End Speed: 86.5 MPH	480	1
0.954545454545455	0.5	End Speed: 85 MPH	481	1
0.954545454545455	0.5	End Speed: 86.7 MPH	482	1
0.954545454545455	0.5	End Speed: 86.3 MPH	483	1
0.954545454545455	0.5	End Speed: 87.5 MPH	484	1
0.954545454545455	0.5	End Speed: 87.9 MPH	485	1
0.954545454545455	0.5	End Speed: 84.7 MPH	486	1
0.954545454545455	0.5	End Speed: 85.1 MPH	487	1
0.954545454545455	0.5	End Speed: 85.7 MPH	488	1
0.954545454545455	0.5	End Speed: 85.5 MPH	489	1
0.954545454545455	0.5	End Speed: 86.7 MPH	490	1
0.954545454545455	0.5	End Speed: 86.9 MPH	491	1
0.954545454545455	0.5	End Speed: 86.3 MPH	492	1
0.954545454545455	0.5	End Speed: 84.7 MPH	493	1
0.954545454545455	0.5	End Speed: 85 MPH	494	1
0.954545454545455	0.5	End Speed: 84.4 MPH	495	1
0.954545454545455	0.5	End Speed: 85.7 MPH	496	1
0.954545454545455	0.5	End Speed: 85.4 MPH	497	1
0.954545454545455	0.5	End Speed: 86.2 MPH	498	1
0.954545454545455	0.5	End Speed: 86.6 MPH	499	1
0.954545454545455	0.5	End Speed: 86.9 MPH	500	1
0.954545454545455	0.5	End Speed: 84.5 MPH	501	1
0.954545454545455	0.5	End Speed: 85.2 MPH	502	1
0.954545454545455	0.5	End Speed: 86.1 MPH	503	1
0.954545454545455	0.5	End Speed: 85 MPH	504	1
0.954545454545455	0.5	End Speed: 84.9 MPH	505	1
0.954545454545455	0.5	End Speed: 83.5 MPH	506	1
0.954545454545455	0.5	End Speed: 83.6 MPH	507	1
0.954545454545455	0.5	End Speed: 86.2 MPH	508	1
0.954545454545455	0.5	End Speed: 84.7 MPH	509	1
0.954545454545455	0.5	End Speed: 85.4 MPH	510	1
0.954545454545455	0.5	End Speed: 86.3 MPH	511	1
0.954545454545455	0.5	End Speed: 85.9 MPH	512	1
0.954545454545455	0.5	End Speed: 84.6 MPH	513	1
0.954545454545455	0.5	End Speed: 87.7 MPH	514	1
0.954545454545455	0.5	End Speed: 85.1 MPH	515	1
0.954545454545455	0.5	End Speed: 85.4 MPH	516	1
0.954545454545455	0.5	End Speed: 86.9 MPH	517	1
0.954545454545455	0.5	End Speed: 87.2 MPH	518	1
0.954545454545455	0.5	End Speed: 85.4 MPH	519	1
0.954545454545455	0.5	End Speed: 86.7 MPH	520	1
0.954545454545455	0.5	End Speed: 86.8 MPH	521	1
0.954545454545455	0.5	End Speed: 85 MPH	522	1
0.954545454545455	0.5	End Speed: 84.9 MPH	523	1
0.954545454545455	0.5	End Speed: 85.1 MPH	524	1
0.954545454545455	0.5	End Speed: 84.1 MPH	525	1
0.954545454545455	0.5	End Speed: 84.7 MPH	526	1
0.954545454545455	0.5	End Speed: 84.9 MPH	527	1
0.954545454545455	0.5	End Speed: 84.7 MPH	528	1
0.954545454545455	0.5	End Speed: 85.2 MPH	529	1
0.954545454545455	0.5	End Speed: 86.3 MPH	530	1
0.954545454545455	0.5	End Speed: 85.5 MPH	531	1
0.954545454545455	0.5	End Speed: 86.8 MPH	532	1
0.954545454545455	0.5	End Speed: 88.2 MPH	533	1
0.954545454545455	0.5	End Speed: 85.8 MPH	534	1
0.954545454545455	0.5	End Speed: 85.7 MPH	535	1
0.954545454545455	0.5	End Speed: 84 MPH	536	1
0.954545454545455	0.5	End Speed: 86.2 MPH	537	1
0.954545454545455	0.5	End Speed: 85.4 MPH	538	1
0.954545454545455	0.5	End Speed: 86.2 MPH	539	1
0.954545454545455	0.5	End Speed: 82.9 MPH	540	1
0.954545454545455	0.5	End Speed: 83 MPH	541	1
0.954545454545455	0.5	End Speed: 85.8 MPH	542	1
0.954545454545455	0.5	End Speed: 85.9 MPH	543	1
0.954545454545455	0.5	End Speed: 85.5 MPH	544	1
0.954545454545455	0.5	End Speed: 85.5 MPH	545	1
0.954545454545455	0.5	End Speed: 85.3 MPH	546	1
0.954545454545455	0.5	End Speed: 84 MPH	547	1
0.954545454545455	0.5	End Speed: 84.8 MPH	548	1
0.954545454545455	0.5	End Speed: 84.7 MPH	549	1
0.954545454545455	0.5	End Speed: 83.5 MPH	550	1
0.954545454545455	0.5	End Speed: 83.7 MPH	551	1
0.954545454545455	0.5	End Speed: 86.6 MPH	552	1
0.954545454545455	0.5	End Speed: 86.3 MPH	553	1
0.954545454545455	0.5	End Speed: 86.9 MPH	554	1
0.954545454545455	0.5	End Speed: 85.7 MPH	555	1
0.954545454545455	0.5	End Speed: 82.7 MPH	556	1
0.954545454545455	0.5	End Speed: 82.8 MPH	557	1
0.954545454545455	0.5	End Speed: 84 MPH	558	1
0.954545454545455	0.5	End Speed: 83.6 MPH	559	1
0.954545454545455	0.5	End Speed: 83.5 MPH	560	1
0.954545454545455	0.5	End Speed: 84.4 MPH	561	1
0.954545454545455	0.5	End Speed: 87 MPH	562	1
0.954545454545455	0.5	End Speed: 87.3 MPH	563	1
0.954545454545455	0.5	End Speed: 85.7 MPH	564	1
0.954545454545455	0.5	End Speed: 85.8 MPH	565	1
0.954545454545455	0.5	End Speed: 85.1 MPH	566	1
0.954545454545455	0.5	End Speed: 85.4 MPH	567	1
0.954545454545455	0.5	End Speed: 84.8 MPH	568	1
0.954545454545455	0.5	End Speed: 84 MPH	569	1
0.954545454545455	0.5	End Speed: 84.4 MPH	570	1
0.954545454545455	0.5	End Speed: 85.9 MPH	571	1
0.954545454545455	0.5	End Speed: 84.5 MPH	572	1
0.954545454545455	0.5	End Speed: 85.4 MPH	573	1
0.954545454545455	0.5	End Speed: 86.2 MPH	574	1
0.954545454545455	0.5	End Speed: 87 MPH	575	1
0.954545454545455	0.5	End Speed: 86.9 MPH	576	1
0.954545454545455	0.5	End Speed: 85.7 MPH	577	1
0.954545454545455	0.5	End Speed: 85.5 MPH	578	1
0.954545454545455	0.5	End Speed: 85.9 MPH	579	1
0.954545454545455	0.5	End Speed: 85.9 MPH	580	1
0.954545454545455	0.5	End Speed: 84.3 MPH	581	1
0.954545454545455	0.5	End Speed: 85 MPH	582	1
0.954545454545455	0.5	End Speed: 84.7 MPH	583	1
0.954545454545455	0.5	End Speed: 85.2 MPH	584	1
0.954545454545455	0.5	End Speed: 82.6 MPH	585	1
0.954545454545455	0.5	End Speed: 84.8 MPH	586	1
0.954545454545455	0.5	End Speed: 85.1 MPH	587	1
0.954545454545455	0.5	End Speed: 87 MPH	588	1
0.954545454545455	0.5	End Speed: 87.3 MPH	589	1
0.954545454545455	0.5	End Speed: 86.8 MPH	590	1
0.954545454545455	0.5	End Speed: 87.4 MPH	591	1
0.954545454545455	0.5	End Speed: 85.6 MPH	592	1
0.954545454545455	0.5	End Speed: 85 MPH	593	1
0.954545454545455	0.5	End Speed: 85.5 MPH	594	1
0.954545454545455	0.5	End Speed: 85.5 MPH	595	1
0.954545454545455	0.5	End Speed: 86 MPH	596	1
0.954545454545455	0.5	End Speed: 86.9 MPH	597	1
0.954545454545455	0.5	End Speed: 85.8 MPH	598	1
0.954545454545455	0.5	End Speed: 85.8 MPH	599	1
0.954545454545455	0.5	End Speed: 85 MPH	600	1
0.954545454545455	0.5	End Speed: 85.9 MPH	601	1
0.954545454545455	0.5	End Speed: 86.2 MPH	602	1
0.954545454545455	0.5	End Speed: 85.8 MPH	603	1
0.954545454545455	0.5	End Speed: 84.1 MPH	604	1
0.954545454545455	0.5	End Speed: 84.6 MPH	605	1
0.954545454545455	0.5	End Speed: 84.8 MPH	606	1
0.954545454545455	0.5	End Speed: 84.7 MPH	607	1
0.954545454545455	0.5	End Speed: 86 MPH	608	1
0.954545454545455	0.5	End Speed: 85 MPH	609	1
0.954545454545455	0.5	End Speed: 86.4 MPH	610	1
0.954545454545455	0.5	End Speed: 85.8 MPH	611	1
0.954545454545455	0.5	End Speed: 85.9 MPH	612	1
0.954545454545455	0.5	End Speed: 85.1 MPH	613	1
0.954545454545455	0.5	End Speed: 86.5 MPH	614	1
0.954545454545455	0.5	End Speed: 86 MPH	615	1
0.954545454545455	0.5	End Speed: 87.1 MPH	616	1
0.954545454545455	0.5	End Speed: 86.7 MPH	617	1
0.954545454545455	0.5	End Speed: 86.1 MPH	618	1
0.954545454545455	0.5	End Speed: 86.2 MPH	619	1
0.954545454545455	0.5	End Speed: 86.8 MPH	620	1
0.954545454545455	0.5	End Speed: 85.7 MPH	621	1
0.954545454545455	0.5	End Speed: 86.1 MPH	622	1
0.954545454545455	0.5	End Speed: 85.7 MPH	623	1
0.954545454545455	0.5	End Speed: 86.1 MPH	624	1
0.954545454545455	0.5	End Speed: 85.3 MPH	625	1
0.954545454545455	0.5	End Speed: 85.7 MPH	626	1
0.954545454545455	0.5	End Speed: 85.5 MPH	627	1
0.954545454545455	0.5	End Speed: 85.4 MPH	628	1
0.954545454545455	0.5	End Speed: 85.5 MPH	629	1
0.954545454545455	0.5	End Speed: 85.7 MPH	630	1
0.954545454545455	0.5	End Speed: 86.4 MPH	631	1
0.954545454545455	0.5	End Speed: 86.5 MPH	632	1
0.954545454545455	0.5	End Speed: 85.7 MPH	633	1
0.954545454545455	0.5	End Speed: 85.4 MPH	634	1
0.954545454545455	0.5	End Speed: 84.7 MPH	635	1
0.954545454545455	0.5	End Speed: 85.2 MPH	636	1
0.954545454545455	0.5	End Speed: 84.6 MPH	637	1
0.954545454545455	0.5	End Speed: 86.2 MPH	638	1
0.954545454545455	0.5	End Speed: 85.2 MPH	639	1
0.954545454545455	0.5	End Speed: 85.3 MPH	640	1
0.954545454545455	0.5	End Speed: 85.4 MPH	641	1
0.954545454545455	0.5	End Speed: 85.8 MPH	642	1
0.954545454545455	0.5	End Speed: 85.4 MPH	643	1
0.954545454545455	0.5	End Speed: 85.2 MPH	644	1
0.954545454545455	0.5	End Speed: 85.4 MPH	645	1
0.954545454545455	0.5	End Speed: 86 MPH	646	1
0.954545454545455	0.5	End Speed: 85.7 MPH	647	1
0.954545454545455	0.5	End Speed: 85.8 MPH	648	1
0.954545454545455	0.5	End Speed: 87.1 MPH	649	1
0.954545454545455	0.5	End Speed: 85.3 MPH	650	1
0.954545454545455	0.5	End Speed: 85.6 MPH	651	1
0.954545454545455	0.5	End Speed: 85.9 MPH	652	1
0.954545454545455	0.5	End Speed: 85.5 MPH	653	1
0.954545454545455	0.5	End Speed: 85.1 MPH	654	1
0.954545454545455	0.5	End Speed: 86.1 MPH	655	1
0.954545454545455	0.5	End Speed: 86.2 MPH	656	1
0.954545454545455	0.5	End Speed: 85.9 MPH	657	1
0.954545454545455	0.5	End Speed: 86.6 MPH	658	1
0.954545454545455	0.5	End Speed: 84.6 MPH	659	1
0.954545454545455	0.5	End Speed: 87.3 MPH	660	1
0.954545454545455	0.5	End Speed: 85.5 MPH	661	1
0.954545454545455	0.5	End Speed: 84.9 MPH	662	1
0.954545454545455	0.5	End Speed: 84.8 MPH	663	1
0.954545454545455	0.5	End Speed: 83.9 MPH	664	1
0.954545454545455	0.5	End Speed: 85.6 MPH	665	1
0.954545454545455	0.5	End Speed: 85.2 MPH	666	1
0.954545454545455	0.5	End Speed: 84.8 MPH	667	1
0.954545454545455	0.5	End Speed: 84.8 MPH	668	1
0.954545454545455	0.5	End Speed: 85 MPH	669	1
0.954545454545455	0.5	End Speed: 85 MPH	670	1
0.954545454545455	0.5	End Speed: 85.8 MPH	671	1
0.954545454545455	0.5	End Speed: 86.2 MPH	672	1
0.954545454545455	0.5	End Speed: 84.7 MPH	673	1
0.954545454545455	0.5	End Speed: 85.5 MPH	674	1
0.954545454545455	0.5	End Speed: 85.8 MPH	675	1
0.954545454545455	0.5	End Speed: 85.7 MPH	676	1
0.954545454545455	0.5	End Speed: 84.3 MPH	677	1
0.954545454545455	0.5	End Speed: 86 MPH	678	1
0.954545454545455	0.5	End Speed: 86 MPH	679	1
0.954545454545455	0.5	End Speed: 85.7 MPH	680	1
0.954545454545455	0.5	End Speed: 86.9 MPH	681	1
0.954545454545455	0.5	End Speed: 87.7 MPH	682	1
0.954545454545455	0.5	End Speed: 86.9 MPH	683	1
0.954545454545455	0.5	End Speed: 87 MPH	684	1
0.954545454545455	0.5	End Speed: 86.4 MPH	685	1
0.954545454545455	0.5	End Speed: 86.1 MPH	686	1
0.954545454545455	0.5	End Speed: 87.1 MPH	687	1
0.954545454545455	0.5	End Speed: 86.7 MPH	688	1
0.954545454545455	0.5	End Speed: 86.5 MPH	689	1
0.954545454545455	0.5	End Speed: 86.5 MPH	690	1
0.954545454545455	0.5	End Speed: 86.9 MPH	691	1
0.954545454545455	0.5	End Speed: 86.9 MPH	692	1
0.954545454545455	0.5	End Speed: 85.9 MPH	693	1
0.954545454545455	0.5	End Speed: 87 MPH	694	1
0.954545454545455	0.5	End Speed: 85.3 MPH	695	1
0.954545454545455	0.5	End Speed: 84.5 MPH	696	1
0.954545454545455	0.5	End Speed: 85.7 MPH	697	1
0.954545454545455	0.5	End Speed: 84.4 MPH	698	1
0.954545454545455	0.5	End Speed: 84.4 MPH	699	1
0.954545454545455	0.5	End Speed: 83.8 MPH	700	1
0.954545454545455	0.5	End Speed: 84.6 MPH	701	1
0.954545454545455	0.5	End Speed: 84.7 MPH	702	1
0.954545454545455	0.5	End Speed: 83 MPH	703	1
0.954545454545455	0.5	End Speed: 84 MPH	704	1
0.954545454545455	0.5	End Speed: 84.9 MPH	705	1
0.954545454545455	0.5	End Speed: 84.8 MPH	706	1
0.954545454545455	0.5	End Speed: 85 MPH	707	1
0.954545454545455	0.5	End Speed: 85.2 MPH	708	1
0.954545454545455	0.5	End Speed: 84.4 MPH	709	1
0.954545454545455	0.5	End Speed: 84.7 MPH	710	1
0.954545454545455	0.5	End Speed: 86.4 MPH	711	1
0.954545454545455	0.5	End Speed: 85.7 MPH	712	1
0.954545454545455	0.5	End Speed: 86.2 MPH	713	1
0.954545454545455	0.5	End Speed: 86.1 MPH	714	1
0.954545454545455	0.5	End Speed: 86.8 MPH	715	1
0.954545454545455	0.5	End Speed: 86.9 MPH	716	1
0.954545454545455	0.5	End Speed: 86.3 MPH	717	1
0.954545454545455	0.5	End Speed: 86.6 MPH	718	1
0.954545454545455	0.5	End Speed: 86.3 MPH	719	1
0.954545454545455	0.5	End Speed: 85.9 MPH	720	1
0.954545454545455	0.5	End Speed: 84.4 MPH	721	1
0.954545454545455	0.5	End Speed: 84.7 MPH	722	1
0.954545454545455	0.5	End Speed: 86.7 MPH	723	1
0.954545454545455	0.5	End Speed: 86.7 MPH	724	1
0.954545454545455	0.5	End Speed: 87.3 MPH	725	1
0.954545454545455	0.5	End Speed: 83.6 MPH	726	1
0.954545454545455	0.5	End Speed: 87.3 MPH	727	1
0.954545454545455	0.5	End Speed: 86.9 MPH	728	1
0.954545454545455	0.5	End Speed: 86.2 MPH	729	1
0.954545454545455	0.5	End Speed: 85.6 MPH	730	1
0.954545454545455	0.5	End Speed: 86.1 MPH	731	1
0.954545454545455	0.5	End Speed: 85.6 MPH	732	1
0.954545454545455	0.5	End Speed: 85.9 MPH	733	1
0.954545454545455	0.5	End Speed: 85.6 MPH	734	1
0.954545454545455	0.5	End Speed: 84.5 MPH	735	1
0.954545454545455	0.5	End Speed: 85.6 MPH	736	1
0.954545454545455	0.5	End Speed: 84.4 MPH	737	1
0.954545454545455	0.5	End Speed: 85.8 MPH	738	1
0.954545454545455	0.5	End Speed: 86.1 MPH	739	1
0.954545454545455	0.5	End Speed: 85.8 MPH	740	1
0.954545454545455	0.5	End Speed: 85.9 MPH	741	1
0.954545454545455	0.5	End Speed: 85 MPH	742	1
0.954545454545455	0.5	End Speed: 86.6 MPH	743	1
0.954545454545455	0.5	End Speed: 87 MPH	744	1
0.954545454545455	0.5	End Speed: 86.5 MPH	745	1
0.954545454545455	0.5	End Speed: 84.1 MPH	746	1
0.954545454545455	0.5	End Speed: 84.5 MPH	747	1
0.954545454545455	0.5	End Speed: 85.1 MPH	748	1
0.954545454545455	0.5	End Speed: 84.7 MPH	749	1
0.954545454545455	0.5	End Speed: 85.3 MPH	750	1
0.954545454545455	0.5	End Speed: 85.9 MPH	751	1
0.954545454545455	0.5	End Speed: 85.2 MPH	752	1
0.954545454545455	0.5	End Speed: 85.1 MPH	753	1
0.954545454545455	0.5	End Speed: 86.4 MPH	754	1
0.954545454545455	0.5	End Speed: 85.4 MPH	755	1
0.954545454545455	0.5	End Speed: 85.1 MPH	756	1
0.954545454545455	0.5	End Speed: 85.9 MPH	757	1
0.954545454545455	0.5	End Speed: 84 MPH	758	1
0.954545454545455	0.5	End Speed: 85.9 MPH	759	1
0.954545454545455	0.5	End Speed: 84.8 MPH	760	1
0.954545454545455	0.5	End Speed: 83.8 MPH	761	1
0.954545454545455	0.5	End Speed: 84 MPH	762	1
0.954545454545455	0.5	End Speed: 84.3 MPH	763	1
0.954545454545455	0.5	End Speed: 85.5 MPH	764	1
0.954545454545455	0.5	End Speed: 84.5 MPH	765	1
0.954545454545455	0.5	End Speed: 84.2 MPH	766	1
0.954545454545455	0.5	End Speed: 84.2 MPH	767	1
0.954545454545455	0.5	End Speed: 85.8 MPH	768	1
0.954545454545455	0.5	End Speed: 84.4 MPH	769	1
0.954545454545455	0.5	End Speed: 85.1 MPH	770	1
0.954545454545455	0.5	End Speed: 84.1 MPH	771	1
0.954545454545455	0.5	End Speed: 84.4 MPH	772	1
0.954545454545455	0.5	End Speed: 85.5 MPH	773	1
0.954545454545455	0.5	End Speed: 85.3 MPH	774	1
0.954545454545455	0.5	End Speed: 84.6 MPH	775	1
0.954545454545455	0.5	End Speed: 86.6 MPH	776	1
0.954545454545455	0.5	End Speed: 88.1 MPH	777	1
0.954545454545455	0.5	End Speed: 87 MPH	778	1
0.954545454545455	0.5	End Speed: 87 MPH	779	1
0.954545454545455	0.5	End Speed: 87.1 MPH	780	1
0.954545454545455	0.5	End Speed: 87.9 MPH	781	1
0.954545454545455	0.5	End Speed: 85.7 MPH	782	1
0.954545454545455	0.5	End Speed: 86.5 MPH	783	1
0.954545454545455	0.5	End Speed: 86.5 MPH	784	1
0.954545454545455	0.5	End Speed: 85.8 MPH	785	1
0.954545454545455	0.5	End Speed: 86.4 MPH	786	1
0.954545454545455	0.5	End Speed: 86.8 MPH	787	1
0.954545454545455	0.5	End Speed: 86.5 MPH	788	1
0.954545454545455	0.5	End Speed: 84.8 MPH	789	1
0.954545454545455	0.5	End Speed: 85.6 MPH	790	1
0.954545454545455	0.5	End Speed: 85.4 MPH	791	1
0.954545454545455	0.5	End Speed: 85.5 MPH	792	1
0.954545454545455	0.5	End Speed: 85.6 MPH	793	1
0.954545454545455	0.5	End Speed: 86.6 MPH	794	1
0.954545454545455	0.5	End Speed: 86.1 MPH	795	1
0.954545454545455	0.5	End Speed: 85.4 MPH	796	1
0.954545454545455	0.5	End Speed: 85.9 MPH	797	1
0.954545454545455	0.5	End Speed: 86 MPH	798	1
0.954545454545455	0.5	End Speed: 87.5 MPH	799	1
0.954545454545455	0.5	End Speed: 86.7 MPH	800	1
0.954545454545455	0.5	End Speed: 87.9 MPH	801	1
0.954545454545455	0.5	End Speed: 86.8 MPH	802	1
0.954545454545455	0.5	End Speed: 86.8 MPH	803	1
0.954545454545455	0.5	End Speed: 87.3 MPH	804	1
0.954545454545455	0.5	End Speed: 86.3 MPH	805	1
0.954545454545455	0.5	End Speed: 85.1 MPH	806	1
0.954545454545455	0.5	End Speed: 84.6 MPH	807	1
0.954545454545455	0.5	End Speed: 86.5 MPH	808	1
0.954545454545455	0.5	End Speed: 86.1 MPH	809	1
0.954545454545455	0.5	End Speed: 85.4 MPH	810	1
0.954545454545455	0.5	End Speed: 84.8 MPH	811	1
0.954545454545455	0.5	End Speed: 85.3 MPH	812	1
0.954545454545455	0.5	End Speed: 85.7 MPH	813	1
0.954545454545455	0.5	End Speed: 86.2 MPH	814	1
0.954545454545455	0.5	End Speed: 86 MPH	815	1
0.954545454545455	0.5	End Speed: 86.6 MPH	816	1
0.954545454545455	0.5	End Speed: 86.9 MPH	817	1
0.954545454545455	0.5	End Speed: 85.2 MPH	818	1
0.954545454545455	0.5	End Speed: 86.2 MPH	819	1
0.954545454545455	0.5	End Speed: 86.2 MPH	820	1
0.954545454545455	0.5	End Speed: 88.4 MPH	821	1
0.954545454545455	0.5	End Speed: 86.9 MPH	822	1
0.954545454545455	0.5	End Speed: 85.1 MPH	823	1
0.954545454545455	0.5	End Speed: 85.3 MPH	824	1
0.954545454545455	0.5	End Speed: 84.8 MPH	825	1
0.954545454545455	0.5	End Speed: 85.6 MPH	826	1
0.954545454545455	0.5	End Speed: 84.6 MPH	827	1
0.954545454545455	0.5	End Speed: 85.3 MPH	828	1
0.954545454545455	0.5	End Speed: 86.9 MPH	829	1
0.954545454545455	0.5	End Speed: 86 MPH	830	1
0.954545454545455	0.5	End Speed: 86.1 MPH	831	1
0.954545454545455	0.5	End Speed: 86.2 MPH	832	1
0.954545454545455	0.5	End Speed: 85.7 MPH	833	1
0.954545454545455	0.5	End Speed: 85.7 MPH	834	1
0.954545454545455	0.5	End Speed: 85 MPH	835	1
0.954545454545455	0.5	End Speed: 84.9 MPH	836	1
0.954545454545455	0.5	End Speed: 84.6 MPH	837	1
0.954545454545455	0.5	End Speed: 84.1 MPH	838	1
0.954545454545455	0.5	End Speed: 84.8 MPH	839	1
0.954545454545455	0.5	End Speed: 84.3 MPH	840	1
0.954545454545455	0.5	End Speed: 84.7 MPH	841	1
0.954545454545455	0.5	End Speed: 84.1 MPH	842	1
0.954545454545455	0.5	End Speed: 85 MPH	843	1
0.954545454545455	0.5	End Speed: 84.7 MPH	844	1
0.954545454545455	0.5	End Speed: 84.2 MPH	845	1
0.954545454545455	0.5	End Speed: 84.5 MPH	846	1
0.954545454545455	0.5	End Speed: 85.4 MPH	847	1
0.954545454545455	0.5	End Speed: 85.5 MPH	848	1
0.954545454545455	0.5	End Speed: 85.2 MPH	849	1
0.954545454545455	0.5	End Speed: 86.1 MPH	850	1
0.954545454545455	0.5	End Speed: 86 MPH	851	1
0.954545454545455	0.5	End Speed: 86.8 MPH	852	1
0.954545454545455	0.5	End Speed: 85.6 MPH	853	1
0.954545454545455	0.5	End Speed: 86 MPH	854	1
0.954545454545455	0.5	End Speed: 86.5 MPH	855	1
0.954545454545455	0.5	End Speed: 87.2 MPH	856	1
0.954545454545455	0.5	End Speed: 85.6 MPH	857	1
0.954545454545455	0.5	End Speed: 85.3 MPH	858	1
0.954545454545455	0.5	End Speed: 86.6 MPH	859	1
0.954545454545455	0.5	End Speed: 85.9 MPH	860	1
0.954545454545455	0.5	End Speed: 85.6 MPH	861	1
0.954545454545455	0.5	End Speed: 87.2 MPH	862	1
0.954545454545455	0.5	End Speed: 85.1 MPH	863	1
0.954545454545455	0.5	End Speed: 85.9 MPH	864	1
0.954545454545455	0.5	End Speed: 85.7 MPH	865	1
0.954545454545455	0.5	End Speed: 86.4 MPH	866	1
0.954545454545455	0.5	End Speed: 85.4 MPH	867	1
0.954545454545455	0.5	End Speed: 86.1 MPH	868	1
0.954545454545455	0.5	End Speed: 85.9 MPH	869	1
0.954545454545455	0.5	End Speed: 84.4 MPH	870	1
0.954545454545455	0.5	End Speed: 85.4 MPH	871	1
0.954545454545455	0.5	End Speed: 85.5 MPH	872	1
0.954545454545455	0.5	End Speed: 85.4 MPH	873	1
0.954545454545455	0.5	End Speed: 86.6 MPH	874	1
0.954545454545455	0.5	End Speed: 85.4 MPH	875	1
0.954545454545455	0.5	End Speed: 85.6 MPH	876	1
0.954545454545455	0.5	End Speed: 85.7 MPH	877	1
0.954545454545455	0.5	End Speed: 85.6 MPH	878	1
0.954545454545455	0.5	End Speed: 84.7 MPH	879	1
0.954545454545455	0.5	End Speed: 87.3 MPH	880	1
0.954545454545455	0.5	End Speed: 85.7 MPH	881	1
0.954545454545455	0.5	End Speed: 85.3 MPH	882	1
0.954545454545455	0.5	End Speed: 86 MPH	883	1
0.954545454545455	0.5	End Speed: 85.9 MPH	884	1
0.954545454545455	0.5	End Speed: 84.8 MPH	885	1
0.954545454545455	0.5	End Speed: 85.3 MPH	886	1
0.954545454545455	0.5	End Speed: 84.9 MPH	887	1
0.954545454545455	0.5	End Speed: 84.4 MPH	888	1
0.954545454545455	0.5	End Speed: 85.3 MPH	889	1
0.954545454545455	0.5	End Speed: 84.2 MPH	890	1
0.954545454545455	0.5	End Speed: 83.7 MPH	891	1
0.954545454545455	0.5	End Speed: 84.1 MPH	892	1
0.954545454545455	0.5	End Speed: 85.9 MPH	893	1
0.954545454545455	0.5	End Speed: 84.7 MPH	894	1
0.954545454545455	0.5	End Speed: 85.9 MPH	895	1
0.954545454545455	0.5	End Speed: 86.2 MPH	896	1
0.954545454545455	0.5	End Speed: 86.1 MPH	897	1
0.954545454545455	0.5	End Speed: 86.4 MPH	898	1
0.954545454545455	0.5	End Speed: 86.4 MPH	899	1
0.954545454545455	0.5	End Speed: 85.2 MPH	900	1
0.954545454545455	0.5	End Speed: 85 MPH	901	1
0.954545454545455	0.5	End Speed: 85.5 MPH	902	1
0.954545454545455	0.5	End Speed: 85 MPH	903	1
0.954545454545455	0.5	End Speed: 85.1 MPH	904	1
0.954545454545455	0.5	End Speed: 85.4 MPH	905	1
0.954545454545455	0.5	End Speed: 86 MPH	906	1
0.954545454545455	0.5	End Speed: 85.7 MPH	907	1
0.954545454545455	0.5	End Speed: 85.7 MPH	908	1
0.954545454545455	0.5	End Speed: 85.3 MPH	909	1
0.954545454545455	0.5	End Speed: 86.5 MPH	910	1
0.954545454545455	0.5	End Speed: 86.4 MPH	911	1
0.954545454545455	0.5	End Speed: 86.2 MPH	912	1
0.954545454545455	0.5	End Speed: 81.4 MPH	913	1
0.954545454545455	0.5	End Speed: 77.6 MPH	914	1
0.954545454545455	0.5	End Speed: 82.6 MPH	915	1
0.954545454545455	0.5	End Speed: 76.4 MPH	916	1
0.954545454545455	0.5	End Speed: 77.3 MPH	917	1
0.954545454545455	0.5	End Speed: 81.7 MPH	918	1
0.954545454545455	0.5	End Speed: 81.7 MPH	919	1
0.954545454545455	0.5	End Speed: 81.5 MPH	920	1
0.954545454545455	0.5	End Speed: 75.8 MPH	921	1
0.954545454545455	0.5	End Speed: 80.9 MPH	922	1
0.954545454545455	0.5	End Speed: 80.9 MPH	923	1
0.954545454545455	0.5	End Speed: 80.1 MPH	924	1
0.954545454545455	0.5	End Speed: 81.4 MPH	925	1
0.954545454545455	0.5	End Speed: 77.5 MPH	926	1
0.954545454545455	0.5	End Speed: 82.7 MPH	927	1
0.954545454545455	0.5	End Speed: 82.9 MPH	928	1
0.954545454545455	0.5	End Speed: 74.6 MPH	929	1
0.954545454545455	0.5	End Speed: 78.5 MPH	930	1
0.954545454545455	0.5	End Speed: 77.4 MPH	931	1
0.954545454545455	0.5	End Speed: 81.1 MPH	932	1
0.954545454545455	0.5	End Speed: 78 MPH	933	1
0.954545454545455	0.5	End Speed: 79.5 MPH	934	1
0.954545454545455	0.5	End Speed: 79.7 MPH	935	1
0.954545454545455	0.5	End Speed: 73.2 MPH	936	1
0.954545454545455	0.5	End Speed: 77.2 MPH	937	1
0.954545454545455	0.5	End Speed: 81.3 MPH	938	1
0.954545454545455	0.5	End Speed: 76.5 MPH	939	1
0.954545454545455	0.5	End Speed: 82.9 MPH	940	1
0.954545454545455	0.5	End Speed: 77.9 MPH	941	1
0.954545454545455	0.5	End Speed: 80.7 MPH	942	1
0.954545454545455	0.5	End Speed: 81.5 MPH	943	1
0.954545454545455	0.5	End Speed: 80.1 MPH	944	1
0.954545454545455	0.5	End Speed: 77.5 MPH	945	1
0.954545454545455	0.5	End Speed: 80.1 MPH	946	1
0.954545454545455	0.5	End Speed: 78.6 MPH	947	1
0.954545454545455	0.5	End Speed: 82.6 MPH	948	1
0.954545454545455	0.5	End Speed: 84.1 MPH	949	1
0.954545454545455	0.5	End Speed: 80 MPH	950	1
0.954545454545455	0.5	End Speed: 83.5 MPH	951	1
0.954545454545455	0.5	End Speed: 79.9 MPH	952	1
0.954545454545455	0.5	End Speed: 77.8 MPH	953	1
0.954545454545455	0.5	End Speed: 80.3 MPH	954	1
0.954545454545455	0.5	End Speed: 80.6 MPH	955	1
0.954545454545455	0.5	End Speed: 79.8 MPH	956	1
0.954545454545455	0.5	End Speed: 80.2 MPH	957	1
0.954545454545455	0.5	End Speed: 82.3 MPH	958	1
0.954545454545455	0.5	End Speed: 82.3 MPH	959	1
0.954545454545455	0.5	End Speed: 82.4 MPH	960	1
0.954545454545455	0.5	End Speed: 83.1 MPH	961	1
0.954545454545455	0.5	End Speed: 81.7 MPH	962	1
0.954545454545455	0.5	End Speed: 78.5 MPH	963	1
0.954545454545455	0.5	End Speed: 80.9 MPH	964	1
0.954545454545455	0.5	End Speed: 80.6 MPH	965	1
0.954545454545455	0.5	End Speed: 79 MPH	966	1
0.954545454545455	0.5	End Speed: 82.1 MPH	967	1
0.954545454545455	0.5	End Speed: 81.6 MPH	968	1
0.954545454545455	0.5	End Speed: 77.8 MPH	969	1
0.954545454545455	0.5	End Speed: 82.6 MPH	970	1
0.954545454545455	0.5	End Speed: 81.9 MPH	971	1
0.954545454545455	0.5	End Speed: 76.8 MPH	972	1
0.954545454545455	0.5	End Speed: 81.2 MPH	973	1
0.954545454545455	0.5	End Speed: 78.4 MPH	974	1
0.954545454545455	0.5	End Speed: 82.9 MPH	975	1
0.954545454545455	0.5	End Speed: 79.1 MPH	976	1
0.954545454545455	0.5	End Speed: 80.3 MPH	977	1
0.954545454545455	0.5	End Speed: 81.2 MPH	978	1
0.954545454545455	0.5	End Speed: 78.4 MPH	979	1
0.954545454545455	0.5	End Speed: 82.1 MPH	980	1
0.954545454545455	0.5	End Speed: 78.2 MPH	981	1
0.954545454545455	0.5	End Speed: 80.1 MPH	982	1
0.954545454545455	0.5	End Speed: 80.5 MPH	983	1
0.954545454545455	0.5	End Speed: 83.2 MPH	984	1
0.954545454545455	0.5	End Speed: 76.1 MPH	985	1
0.954545454545455	0.5	End Speed: 82.6 MPH	986	1
0.954545454545455	0.5	End Speed: 75 MPH	987	1
0.954545454545455	0.5	End Speed: 81.8 MPH	988	1
0.954545454545455	0.5	End Speed: 78.8 MPH	989	1
0.954545454545455	0.5	End Speed: 80.4 MPH	990	1
0.954545454545455	0.5	End Speed: 76.1 MPH	991	1
0.954545454545455	0.5	End Speed: 81.4 MPH	992	1
0.954545454545455	0.5	End Speed: 82.8 MPH	993	1
0.954545454545455	0.5	End Speed: 72.3 MPH	994	1
0.954545454545455	0.5	End Speed: 76.3 MPH	995	1
0.954545454545455	0.5	End Speed: 77.1 MPH	996	1
0.954545454545455	0.5	End Speed: 81.1 MPH	997	1
0.954545454545455	0.5	End Speed: 76.7 MPH	998	1
0.954545454545455	0.5	End Speed: 81.1 MPH	999	1
0.954545454545455	0.5	End Speed: 78.2 MPH	1000	1
0.954545454545455	0.5	End Speed: 81.1 MPH	1001	1
0.954545454545455	0.5	End Speed: 77.8 MPH	1002	1
0.954545454545455	0.5	End Speed: 74.8 MPH	1003	1
0.954545454545455	0.5	End Speed: 81.1 MPH	1004	1
0.954545454545455	0.5	End Speed: 79.4 MPH	1005	1
0.954545454545455	0.5	End Speed: 80.9 MPH	1006	1
0.954545454545455	0.5	End Speed: 81.5 MPH	1007	1
0.954545454545455	0.5	End Speed: 78.8 MPH	1008	1
0.954545454545455	0.5	End Speed: 77.5 MPH	1009	1
0.954545454545455	0.5	End Speed: 82.7 MPH	1010	1
0.954545454545455	0.5	End Speed: 78.8 MPH	1011	1
0.954545454545455	0.5	End Speed: 82.6 MPH	1012	1
0.954545454545455	0.5	End Speed: 78.6 MPH	1013	1
0.954545454545455	0.5	End Speed: 81.5 MPH	1014	1
0.954545454545455	0.5	End Speed: 78.7 MPH	1015	1
0.954545454545455	0.5	End Speed: 77.7 MPH	1016	1
0.954545454545455	0.5	End Speed: 82 MPH	1017	1
0.954545454545455	0.5	End Speed: 83.5 MPH	1018	1
0.954545454545455	0.5	End Speed: 81.8 MPH	1019	1
0.954545454545455	0.5	End Speed: 82.6 MPH	1020	1
0.954545454545455	0.5	End Speed: 83.6 MPH	1021	1
0.954545454545455	0.5	End Speed: 84.3 MPH	1022	1
0.954545454545455	0.5	End Speed: 78.5 MPH	1023	1
0.954545454545455	0.5	End Speed: 79.7 MPH	1024	1
0.954545454545455	0.5	End Speed: 81.2 MPH	1025	1
0.954545454545455	0.5	End Speed: 81.9 MPH	1026	1
0.954545454545455	0.5	End Speed: 81.2 MPH	1027	1
0.954545454545455	0.5	End Speed: 81.2 MPH	1028	1
0.954545454545455	0.5	End Speed: 82.2 MPH	1029	1
0.954545454545455	0.5	End Speed: 82.4 MPH	1030	1
0.954545454545455	0.5	End Speed: 82.7 MPH	1031	1
0.954545454545455	0.5	End Speed: 82.6 MPH	1032	1
0.954545454545455	0.5	End Speed: 82.7 MPH	1033	1
0.954545454545455	0.5	End Speed: 82.8 MPH	1034	1
0.954545454545455	0.5	End Speed: 79.8 MPH	1035	1
0.954545454545455	0.5	End Speed: 81.7 MPH	1036	1
0.954545454545455	0.5	End Speed: 81.9 MPH	1037	1
0.954545454545455	0.5	End Speed: 82.3 MPH	1038	1
0.954545454545455	0.5	End Speed: 78.9 MPH	1039	1
0.954545454545455	0.5	End Speed: 78.4 MPH	1040	1
0.954545454545455	0.5	End Speed: 81.9 MPH	1041	1
0.954545454545455	0.5	End Speed: 81.5 MPH	1042	1
0.954545454545455	0.5	End Speed: 81.4 MPH	1043	1
0.954545454545455	0.5	End Speed: 80.2 MPH	1044	1
0.954545454545455	0.5	End Speed: 78.4 MPH	1045	1
0.954545454545455	0.5	End Speed: 81.7 MPH	1046	1
0.954545454545455	0.5	End Speed: 78.1 MPH	1047	1
0.954545454545455	0.5	End Speed: 80 MPH	1048	1
0.954545454545455	0.5	End Speed: 80.1 MPH	1049	1
0.954545454545455	0.5	End Speed: 81.3 MPH	1050	1
0.954545454545455	0.5	End Speed: 81 MPH	1051	1
0.954545454545455	0.5	End Speed: 81.1 MPH	1052	1
0.954545454545455	0.5	End Speed: 80.9 MPH	1053	1
0.954545454545455	0.5	End Speed: 78.9 MPH	1054	1
0.954545454545455	0.5	End Speed: 80.2 MPH	1055	1
0.954545454545455	0.5	End Speed: 80.9 MPH	1056	1
0.954545454545455	0.5	End Speed: 81.2 MPH	1057	1
0.954545454545455	0.5	End Speed: 78.9 MPH	1058	1
0.954545454545455	0.5	End Speed: 81.3 MPH	1059	1
0.954545454545455	0.5	End Speed: 82.2 MPH	1060	1
0.954545454545455	0.5	End Speed: 82.2 MPH	1061	1
0.954545454545455	0.5	End Speed: 82 MPH	1062	1
0.954545454545455	0.5	End Speed: 81.3 MPH	1063	1
0.954545454545455	0.5	End Speed: 80.8 MPH	1064	1
0.954545454545455	0.5	End Speed: 81.2 MPH	1065	1
0.954545454545455	0.5	End Speed: 80.2 MPH	1066	1
0.954545454545455	0.5	End Speed: 81.9 MPH	1067	1
0.954545454545455	0.5	End Speed: 79 MPH	1068	1
0.954545454545455	0.5	End Speed: 80.1 MPH	1069	1
0.954545454545455	0.5	End Speed: 82 MPH	1070	1
0.954545454545455	0.5	End Speed: 82.6 MPH	1071	1
0.954545454545455	0.5	End Speed: 81.7 MPH	1072	1
0.954545454545455	0.5	End Speed: 82.3 MPH	1073	1
0.954545454545455	0.5	End Speed: 83.3 MPH	1074	1
0.954545454545455	0.5	End Speed: 83.1 MPH	1075	1
0.954545454545455	0.5	End Speed: 82.2 MPH	1076	1
0.954545454545455	0.5	End Speed: 83.5 MPH	1077	1
0.954545454545455	0.5	End Speed: 84.5 MPH	1078	1
0.954545454545455	0.5	End Speed: 83.6 MPH	1079	1
0.954545454545455	0.5	End Speed: 83.9 MPH	1080	1
0.954545454545455	0.5	End Speed: 82.6 MPH	1081	1
0.954545454545455	0.5	End Speed: 81.4 MPH	1082	1
0.954545454545455	0.5	End Speed: 84 MPH	1083	1
0.954545454545455	0.5	End Speed: 84.3 MPH	1084	1
0.954545454545455	0.5	End Speed: 81.8 MPH	1085	1
0.954545454545455	0.5	End Speed: 84.4 MPH	1086	1
0.954545454545455	0.5	End Speed: 84.3 MPH	1087	1
0.954545454545455	0.5	End Speed: 84.5 MPH	1088	1
0.954545454545455	0.5	End Speed: 82.8 MPH	1089	1
0.954545454545455	0.5	End Speed: 81.6 MPH	1090	1
0.954545454545455	0.5	End Speed: 81.2 MPH	1091	1
0.954545454545455	0.5	End Speed: 83.4 MPH	1092	1
0.954545454545455	0.5	End Speed: 83.6 MPH	1093	1
0.954545454545455	0.5	End Speed: 82.6 MPH	1094	1
0.954545454545455	0.5	End Speed: 80.5 MPH	1095	1
0.954545454545455	0.5	End Speed: 81.6 MPH	1096	1
0.954545454545455	0.5	End Speed: 84.3 MPH	1097	1
0.954545454545455	0.5	End Speed: 84 MPH	1098	1
0.954545454545455	0.5	End Speed: 84.3 MPH	1099	1
0.954545454545455	0.5	End Speed: 84.5 MPH	1100	1
0.954545454545455	0.5	End Speed: 83.9 MPH	1101	1
0.954545454545455	0.5	End Speed: 82.2 MPH	1102	1
0.954545454545455	0.5	End Speed: 82.8 MPH	1103	1
0.954545454545455	0.5	End Speed: 83 MPH	1104	1
0.954545454545455	0.5	End Speed: 80.1 MPH	1105	1
0.954545454545455	0.5	End Speed: 83.1 MPH	1106	1
0.954545454545455	0.5	End Speed: 80 MPH	1107	1
0.954545454545455	0.5	End Speed: 82.9 MPH	1108	1
0.954545454545455	0.5	End Speed: 81.1 MPH	1109	1
0.954545454545455	0.5	End Speed: 85.3 MPH	1110	1
0.954545454545455	0.5	End Speed: 82.4 MPH	1111	1
0.954545454545455	0.5	End Speed: 84.4 MPH	1112	1
0.954545454545455	0.5	End Speed: 80.6 MPH	1113	1
0.954545454545455	0.5	End Speed: 83.4 MPH	1114	1
0.954545454545455	0.5	End Speed: 81.4 MPH	1115	1
0.954545454545455	0.5	End Speed: 82.3 MPH	1116	1
0.954545454545455	0.5	End Speed: 82.1 MPH	1117	1
0.954545454545455	0.5	End Speed: 83.2 MPH	1118	1
0.954545454545455	0.5	End Speed: 82.3 MPH	1119	1
0.954545454545455	0.5	End Speed: 82.7 MPH	1120	1
0.954545454545455	0.5	End Speed: 81 MPH	1121	1
0.954545454545455	0.5	End Speed: 81.5 MPH	1122	1
0.954545454545455	0.5	End Speed: 84.3 MPH	1123	1
0.954545454545455	0.5	End Speed: 84.5 MPH	1124	1
0.954545454545455	0.5	End Speed: 83.3 MPH	1125	1
0.954545454545455	0.5	End Speed: 80 MPH	1126	1
0.954545454545455	0.5	End Speed: 84.3 MPH	1127	1
0.954545454545455	0.5	End Speed: 83.8 MPH	1128	1
0.954545454545455	0.5	End Speed: 82.1 MPH	1129	1
0.954545454545455	0.5	End Speed: 84.3 MPH	1130	1
0.954545454545455	0.5	End Speed: 84.5 MPH	1131	1
0.954545454545455	0.5	End Speed: 85.1 MPH	1132	1
0.954545454545455	0.5	End Speed: 84.8 MPH	1133	1
0.954545454545455	0.5	End Speed: 82.3 MPH	1134	1
0.954545454545455	0.5	End Speed: 79.5 MPH	1135	1
0.954545454545455	0.5	End Speed: 83 MPH	1136	1
0.954545454545455	0.5	End Speed: 84.1 MPH	1137	1
0.954545454545455	0.5	End Speed: 83.3 MPH	1138	1
0.954545454545455	0.5	End Speed: 83 MPH	1139	1
0.954545454545455	0.5	End Speed: 83 MPH	1140	1
0.954545454545455	0.5	End Speed: 81.4 MPH	1141	1
0.954545454545455	0.5	End Speed: 84.1 MPH	1142	1
0.954545454545455	0.5	End Speed: 84.3 MPH	1143	1
0.954545454545455	0.5	End Speed: 84.6 MPH	1144	1
0.954545454545455	0.5	End Speed: 83.4 MPH	1145	1
0.954545454545455	0.5	End Speed: 82.3 MPH	1146	1
0.954545454545455	0.5	End Speed: 83.3 MPH	1147	1
0.954545454545455	0.5	End Speed: 84.2 MPH	1148	1
0.954545454545455	0.5	End Speed: 83.9 MPH	1149	1
0.954545454545455	0.5	End Speed: 84.2 MPH	1150	1
0.954545454545455	0.5	End Speed: 83.8 MPH	1151	1
0.954545454545455	0.5	End Speed: 85 MPH	1152	1
0.954545454545455	0.5	End Speed: 85.6 MPH	1153	1
0.954545454545455	0.5	End Speed: 82.9 MPH	1154	1
0.954545454545455	0.5	End Speed: 83.6 MPH	1155	1
0.954545454545455	0.5	End Speed: 83.9 MPH	1156	1
0.954545454545455	0.5	End Speed: 83.6 MPH	1157	1
0.954545454545455	0.5	End Speed: 84.8 MPH	1158	1
0.954545454545455	0.5	End Speed: 83.6 MPH	1159	1
0.954545454545455	0.5	End Speed: 84 MPH	1160	1
0.954545454545455	0.5	End Speed: 84.2 MPH	1161	1
0.954545454545455	0.5	End Speed: 84.4 MPH	1162	1
0.954545454545455	0.5	End Speed: 83.5 MPH	1163	1
0.954545454545455	0.5	End Speed: 85.5 MPH	1164	1
0.954545454545455	0.5	End Speed: 82.7 MPH	1165	1
0.954545454545455	0.5	End Speed: 84.8 MPH	1166	1
0.954545454545455	0.5	End Speed: 86 MPH	1167	1
0.954545454545455	0.5	End Speed: 83.2 MPH	1168	1
0.954545454545455	0.5	End Speed: 83.7 MPH	1169	1
0.954545454545455	0.5	End Speed: 84.3 MPH	1170	1
0.954545454545455	0.5	End Speed: 82 MPH	1171	1
0.954545454545455	0.5	End Speed: 85.1 MPH	1172	1
0.954545454545455	0.5	End Speed: 84.3 MPH	1173	1
0.954545454545455	0.5	End Speed: 84.4 MPH	1174	1
0.954545454545455	0.5	End Speed: 85.5 MPH	1175	1
0.954545454545455	0.5	End Speed: 83.9 MPH	1176	1
0.954545454545455	0.5	End Speed: 86.3 MPH	1177	1
0.954545454545455	0.5	End Speed: 83.6 MPH	1178	1
0.954545454545455	0.5	End Speed: 83.9 MPH	1179	1
0.954545454545455	0.5	End Speed: 83.9 MPH	1180	1
0.954545454545455	0.5	End Speed: 83.9 MPH	1181	1
0.954545454545455	0.5	End Speed: 83.2 MPH	1182	1
0.954545454545455	0.5	End Speed: 84.3 MPH	1183	1
0.954545454545455	0.5	End Speed: 85.1 MPH	1184	1
0.954545454545455	0.5	End Speed: 86 MPH	1185	1
0.954545454545455	0.5	End Speed: 86.2 MPH	1186	1
0.954545454545455	0.5	End Speed: 85.9 MPH	1187	1
0.954545454545455	0.5	End Speed: 85 MPH	1188	1
0.954545454545455	0.5	End Speed: 85.7 MPH	1189	1
0.954545454545455	0.5	End Speed: 84.5 MPH	1190	1
0.954545454545455	0.5	End Speed: 82.3 MPH	1191	1
0.954545454545455	0.5	End Speed: 83.6 MPH	1192	1
0.954545454545455	0.5	End Speed: 82.7 MPH	1193	1
0.954545454545455	0.5	End Speed: 80.5 MPH	1194	1
0.954545454545455	0.5	End Speed: 84 MPH	1195	1
0.954545454545455	0.5	End Speed: 83.6 MPH	1196	1
0.954545454545455	0.5	End Speed: 82.2 MPH	1197	1
0.954545454545455	0.5	End Speed: 84.4 MPH	1198	1
0.954545454545455	0.5	End Speed: 83.7 MPH	1199	1
0.954545454545455	0.5	End Speed: 82.9 MPH	1200	1
0.954545454545455	0.5	End Speed: 82.4 MPH	1201	1
0.954545454545455	0.5	End Speed: 82.4 MPH	1202	1
0.954545454545455	0.5	End Speed: 84 MPH	1203	1
0.954545454545455	0.5	End Speed: 82.7 MPH	1204	1
0.954545454545455	0.5	End Speed: 84.6 MPH	1205	1
0.954545454545455	0.5	End Speed: 82.6 MPH	1206	1
0.954545454545455	0.5	End Speed: 83.8 MPH	1207	1
0.954545454545455	0.5	End Speed: 84.4 MPH	1208	1
0.954545454545455	0.5	End Speed: 85.6 MPH	1209	1
0.954545454545455	0.5	End Speed: 85.3 MPH	1210	1
0.954545454545455	0.5	End Speed: 84.9 MPH	1211	1
0.954545454545455	0.5	End Speed: 86 MPH	1212	1
0.954545454545455	0.5	End Speed: 85.5 MPH	1213	1
0.954545454545455	0.5	End Speed: 85.1 MPH	1214	1
0.954545454545455	0.5	End Speed: 83.9 MPH	1215	1
0.954545454545455	0.5	End Speed: 83.4 MPH	1216	1
0.954545454545455	0.5	End Speed: 84 MPH	1217	1
0.954545454545455	0.5	End Speed: 84.7 MPH	1218	1
0.954545454545455	0.5	End Speed: 83.9 MPH	1219	1
0.954545454545455	0.5	End Speed: 84.3 MPH	1220	1
0.954545454545455	0.5	End Speed: 83.5 MPH	1221	1
0.954545454545455	0.5	End Speed: 83.2 MPH	1222	1
0.954545454545455	0.5	End Speed: 83.4 MPH	1223	1
0.954545454545455	0.5	End Speed: 84.7 MPH	1224	1
0.954545454545455	0.5	End Speed: 83.7 MPH	1225	1
0.954545454545455	0.5	End Speed: 84.2 MPH	1226	1
0.954545454545455	0.5	End Speed: 84.5 MPH	1227	1
0.954545454545455	0.5	End Speed: 83.6 MPH	1228	1
0.954545454545455	0.5	End Speed: 83.9 MPH	1229	1
0.954545454545455	0.5	End Speed: 82.5 MPH	1230	1
0.954545454545455	0.5	End Speed: 81.9 MPH	1231	1
0.954545454545455	0.5	End Speed: 85.3 MPH	1232	1
0.954545454545455	0.5	End Speed: 85 MPH	1233	1
0.954545454545455	0.5	End Speed: 82.9 MPH	1234	1
0.954545454545455	0.5	End Speed: 84.6 MPH	1235	1
0.954545454545455	0.5	End Speed: 85.5 MPH	1236	1
0.954545454545455	0.5	End Speed: 85.4 MPH	1237	1
0.954545454545455	0.5	End Speed: 84 MPH	1238	1
0.954545454545455	0.5	End Speed: 85.4 MPH	1239	1
0.954545454545455	0.5	End Speed: 82.6 MPH	1240	1
0.954545454545455	0.5	End Speed: 81.8 MPH	1241	1
0.954545454545455	0.5	End Speed: 81 MPH	1242	1
0.954545454545455	0.5	End Speed: 84.1 MPH	1243	1
0.954545454545455	0.5	End Speed: 83.5 MPH	1244	1
0.954545454545455	0.5	End Speed: 83.9 MPH	1245	1
0.954545454545455	0.5	End Speed: 82.7 MPH	1246	1
0.954545454545455	0.5	End Speed: 83.1 MPH	1247	1
0.954545454545455	0.5	End Speed: 82.3 MPH	1248	1
0.954545454545455	0.5	End Speed: 83.7 MPH	1249	1
0.954545454545455	0.5	End Speed: 84.6 MPH	1250	1
0.954545454545455	0.5	End Speed: 84.7 MPH	1251	1
0.954545454545455	0.5	End Speed: 84.8 MPH	1252	1
0.954545454545455	0.5	End Speed: 84.5 MPH	1253	1
0.954545454545455	0.5	End Speed: 84.5 MPH	1254	1
0.954545454545455	0.5	End Speed: 84.1 MPH	1255	1
0.954545454545455	0.5	End Speed: 85 MPH	1256	1
0.954545454545455	0.5	End Speed: 84.7 MPH	1257	1
0.954545454545455	0.5	End Speed: 84.7 MPH	1258	1
0.954545454545455	0.5	End Speed: 85.9 MPH	1259	1
0.954545454545455	0.5	End Speed: 86.5 MPH	1260	1
0.954545454545455	0.5	End Speed: 86 MPH	1261	1
0.954545454545455	0.5	End Speed: 86 MPH	1262	1
0.954545454545455	0.5	End Speed: 87 MPH	1263	1
0.954545454545455	0.5	End Speed: 83.4 MPH	1264	1
0.954545454545455	0.5	End Speed: 84.7 MPH	1265	1
0.954545454545455	0.5	End Speed: 80.8 MPH	1266	1
0.954545454545455	0.5	End Speed: 83.2 MPH	1267	1
0.954545454545455	0.5	End Speed: 82.1 MPH	1268	1
0.954545454545455	0.5	End Speed: 82.8 MPH	1269	1
0.954545454545455	0.5	End Speed: 84.3 MPH	1270	1
0.954545454545455	0.5	End Speed: 83.5 MPH	1271	1
0.954545454545455	0.5	End Speed: 84.9 MPH	1272	1
0.954545454545455	0.5	End Speed: 85.6 MPH	1273	1
0.954545454545455	0.5	End Speed: 84 MPH	1274	1
0.954545454545455	0.5	End Speed: 84.4 MPH	1275	1
0.954545454545455	0.5	End Speed: 84.8 MPH	1276	1
0.954545454545455	0.5	End Speed: 84.2 MPH	1277	1
0.954545454545455	0.5	End Speed: 86.4 MPH	1278	1
0.954545454545455	0.5	End Speed: 85.5 MPH	1279	1
0.954545454545455	0.5	End Speed: 84.4 MPH	1280	1
0.954545454545455	0.5	End Speed: 84.5 MPH	1281	1
0.954545454545455	0.5	End Speed: 85.3 MPH	1282	1
0.954545454545455	0.5	End Speed: 84.6 MPH	1283	1
0.954545454545455	0.5	End Speed: 85.6 MPH	1284	1
0.954545454545455	0.5	End Speed: 85.3 MPH	1285	1
0.954545454545455	0.5	End Speed: 85.1 MPH	1286	1
0.954545454545455	0.5	End Speed: 84.5 MPH	1287	1
0.954545454545455	0.5	End Speed: 84.1 MPH	1288	1
0.954545454545455	0.5	End Speed: 81.9 MPH	1289	1
0.954545454545455	0.5	End Speed: 83.7 MPH	1290	1
0.954545454545455	0.5	End Speed: 82.4 MPH	1291	1
0.954545454545455	0.5	End Speed: 83.3 MPH	1292	1
0.954545454545455	0.5	End Speed: 84.1 MPH	1293	1
0.954545454545455	0.5	End Speed: 84.2 MPH	1294	1
0.954545454545455	0.5	End Speed: 83.8 MPH	1295	1
0.954545454545455	0.5	End Speed: 85.2 MPH	1296	1
0.954545454545455	0.5	End Speed: 83.9 MPH	1297	1
0.954545454545455	0.5	End Speed: 83.6 MPH	1298	1
0.954545454545455	0.5	End Speed: 84.3 MPH	1299	1
0.954545454545455	0.5	End Speed: 85 MPH	1300	1
0.954545454545455	0.5	End Speed: 83.5 MPH	1301	1
0.954545454545455	0.5	End Speed: 84.7 MPH	1302	1
0.954545454545455	0.5	End Speed: 85.1 MPH	1303	1
0.954545454545455	0.5	End Speed: 84.8 MPH	1304	1
0.954545454545455	0.5	End Speed: 82.3 MPH	1305	1
0.954545454545455	0.5	End Speed: 83.5 MPH	1306	1
0.954545454545455	0.5	End Speed: 83.5 MPH	1307	1
0.954545454545455	0.5	End Speed: 84 MPH	1308	1
0.954545454545455	0.5	End Speed: 84.3 MPH	1309	1
0.954545454545455	0.5	End Speed: 84.9 MPH	1310	1
0.954545454545455	0.5	End Speed: 84.9 MPH	1311	1
0.954545454545455	0.5	End Speed: 84.1 MPH	1312	1
0.954545454545455	0.5	End Speed: 84.4 MPH	1313	1
0.954545454545455	0.5	End Speed: 84 MPH	1314	1
0.954545454545455	0.5	End Speed: 85.6 MPH	1315	1
0.954545454545455	0.5	End Speed: 84.5 MPH	1316	1
0.954545454545455	0.5	End Speed: 85.2 MPH	1317	1
0.954545454545455	0.5	End Speed: 85.3 MPH	1318	1
0.954545454545455	0.5	End Speed: 81.9 MPH	1319	1
0.954545454545455	0.5	End Speed: 85.1 MPH	1320	1
0.954545454545455	0.5	End Speed: 83.3 MPH	1321	1
0.954545454545455	0.5	End Speed: 85 MPH	1322	1
0.954545454545455	0.5	End Speed: 84.3 MPH	1323	1
0.954545454545455	0.5	End Speed: 84.7 MPH	1324	1
0.954545454545455	0.5	End Speed: 84.9 MPH	1325	1
0.954545454545455	0.5	End Speed: 83.3 MPH	1326	1
0.954545454545455	0.5	End Speed: 83.4 MPH	1327	1
0.954545454545455	0.5	End Speed: 84.1 MPH	1328	1
0.954545454545455	0.5	End Speed: 83.3 MPH	1329	1
0.954545454545455	0.5	End Speed: 84.2 MPH	1330	1
0.954545454545455	0.5	End Speed: 85 MPH	1331	1
0.954545454545455	0.5	End Speed: 81.5 MPH	1332	1
0.954545454545455	0.5	End Speed: 82.6 MPH	1333	1
0.954545454545455	0.5	End Speed: 80.8 MPH	1334	1
0.954545454545455	0.5	End Speed: 83.4 MPH	1335	1
0.954545454545455	0.5	End Speed: 85.3 MPH	1336	1
0.954545454545455	0.5	End Speed: 84.8 MPH	1337	1
0.954545454545455	0.5	End Speed: 81.7 MPH	1338	1
0.954545454545455	0.5	End Speed: 84.9 MPH	1339	1
0.954545454545455	0.5	End Speed: 85.8 MPH	1340	1
0.954545454545455	0.5	End Speed: 86 MPH	1341	1
0.954545454545455	0.5	End Speed: 86.1 MPH	1342	1
0.954545454545455	0.5	End Speed: 85.4 MPH	1343	1
0.954545454545455	0.5	End Speed: 84.5 MPH	1344	1
0.954545454545455	0.5	End Speed: 84.8 MPH	1345	1
0.954545454545455	0.5	End Speed: 81.7 MPH	1346	1
0.954545454545455	0.5	End Speed: 82 MPH	1347	1
0.954545454545455	0.5	End Speed: 84.6 MPH	1348	1
0.954545454545455	0.5	End Speed: 83.4 MPH	1349	1
0.954545454545455	0.5	End Speed: 83.8 MPH	1350	1
0.954545454545455	0.5	End Speed: 85.2 MPH	1351	1
0.954545454545455	0.5	End Speed: 84.9 MPH	1352	1
0.954545454545455	0.5	End Speed: 84.8 MPH	1353	1
0.954545454545455	0.5	End Speed: 85.1 MPH	1354	1
0.954545454545455	0.5	End Speed: 85.6 MPH	1355	1
0.954545454545455	0.5	End Speed: 85.6 MPH	1356	1
0.954545454545455	0.5	End Speed: 85.3 MPH	1357	1
0.954545454545455	0.5	End Speed: 85.9 MPH	1358	1
0.954545454545455	0.5	End Speed: 84.9 MPH	1359	1
0.954545454545455	0.5	End Speed: 82 MPH	1360	1
0.954545454545455	0.5	End Speed: 85.8 MPH	1361	1
0.954545454545455	0.5	End Speed: 85.6 MPH	1362	1
0.954545454545455	0.5	End Speed: 85.7 MPH	1363	1
0.954545454545455	0.5	End Speed: 84.5 MPH	1364	1
0.954545454545455	0.5	End Speed: 85.3 MPH	1365	1
0.954545454545455	0.5	End Speed: 83.6 MPH	1366	1
0.954545454545455	0.5	End Speed: 87.1 MPH	1367	1
0.954545454545455	0.5	End Speed: 87.4 MPH	1368	1
0.954545454545455	0.5	End Speed: 86.2 MPH	1369	1
0.954545454545455	0.5	End Speed: 84 MPH	1370	1
0.954545454545455	0.5	End Speed: 86.7 MPH	1371	1
0.954545454545455	0.5	End Speed: 86.3 MPH	1372	1
0.954545454545455	0.5	End Speed: 85.2 MPH	1373	1
0.954545454545455	0.5	End Speed: 86.1 MPH	1374	1
0.954545454545455	0.5	End Speed: 84.2 MPH	1375	1
0.954545454545455	0.5	End Speed: 83.6 MPH	1376	1
0.954545454545455	0.5	End Speed: 83.8 MPH	1377	1
0.954545454545455	0.5	End Speed: 84.1 MPH	1378	1
0.954545454545455	0.5	End Speed: 84 MPH	1379	1
0.954545454545455	0.5	End Speed: 85.3 MPH	1380	1
0.954545454545455	0.5	End Speed: 82 MPH	1381	1
0.954545454545455	0.5	End Speed: 85.1 MPH	1382	1
0.954545454545455	0.5	End Speed: 85.7 MPH	1383	1
0.954545454545455	0.5	End Speed: 84.9 MPH	1384	1
0.954545454545455	0.5	End Speed: 85.6 MPH	1385	1
0.954545454545455	0.5	End Speed: 86 MPH	1386	1
0.954545454545455	0.5	End Speed: 82.7 MPH	1387	1
0.954545454545455	0.5	End Speed: 85.2 MPH	1388	1
0.954545454545455	0.5	End Speed: 82.1 MPH	1389	1
0.954545454545455	0.5	End Speed: 87 MPH	1390	1
0.954545454545455	0.5	End Speed: 84.3 MPH	1391	1
0.954545454545455	0.5	End Speed: 84.2 MPH	1392	1
0.954545454545455	0.5	End Speed: 83.9 MPH	1393	1
0.954545454545455	0.5	End Speed: 83.7 MPH	1394	1
0.954545454545455	0.5	End Speed: 85.3 MPH	1395	1
0.954545454545455	0.5	End Speed: 84 MPH	1396	1
0.954545454545455	0.5	End Speed: 84.2 MPH	1397	1
0.954545454545455	0.5	End Speed: 85.3 MPH	1398	1
0.954545454545455	0.5	End Speed: 85.3 MPH	1399	1
0.954545454545455	0.5	End Speed: 85.5 MPH	1400	1
0.954545454545455	0.5	End Speed: 83.3 MPH	1401	1
0.954545454545455	0.5	End Speed: 83.1 MPH	1402	1
0.954545454545455	0.5	End Speed: 84.3 MPH	1403	1
0.954545454545455	0.5	End Speed: 84.2 MPH	1404	1
0.954545454545455	0.5	End Speed: 83.9 MPH	1405	1
0.954545454545455	0.5	End Speed: 85.2 MPH	1406	1
0.954545454545455	0.5	End Speed: 85.8 MPH	1407	1
0.954545454545455	0.5	End Speed: 85.9 MPH	1408	1
0.954545454545455	0.5	End Speed: 84.8 MPH	1409	1
0.954545454545455	0.5	End Speed: 80.6 MPH	1410	1
0.954545454545455	0.5	End Speed: 84.4 MPH	1411	1
0.954545454545455	0.5	End Speed: 80.7 MPH	1412	1
0.954545454545455	0.5	End Speed: 80.8 MPH	1413	1
0.954545454545455	0.5	End Speed: 84.7 MPH	1414	1
0.954545454545455	0.5	End Speed: 82.1 MPH	1415	1
0.954545454545455	0.5	End Speed: 81.9 MPH	1416	1
0.954545454545455	0.5	End Speed: 81.1 MPH	1417	1
0.954545454545455	0.5	End Speed: 81.3 MPH	1418	1
0.954545454545455	0.5	End Speed: 84.2 MPH	1419	1
0.954545454545455	0.5	End Speed: 83.3 MPH	1420	1
0.954545454545455	0.5	End Speed: 83.5 MPH	1421	1
0.954545454545455	0.5	End Speed: 85.9 MPH	1422	1
0.954545454545455	0.5	End Speed: 86.4 MPH	1423	1
0.954545454545455	0.5	End Speed: 84.4 MPH	1424	1
0.954545454545455	0.5	End Speed: 85 MPH	1425	1
0.954545454545455	0.5	End Speed: 82.6 MPH	1426	1
0.954545454545455	0.5	End Speed: 85.7 MPH	1427	1
0.954545454545455	0.5	End Speed: 85.9 MPH	1428	1
0.954545454545455	0.5	End Speed: 84.4 MPH	1429	1
0.954545454545455	0.5	End Speed: 85.3 MPH	1430	1
0.954545454545455	0.5	End Speed: 83.8 MPH	1431	1
0.954545454545455	0.5	End Speed: 85.2 MPH	1432	1
0.954545454545455	0.5	End Speed: 84.9 MPH	1433	1
0.954545454545455	0.5	End Speed: 85.6 MPH	1434	1
0.954545454545455	0.5	End Speed: 85.6 MPH	1435	1
0.954545454545455	0.5	End Speed: 84.2 MPH	1436	1
0.954545454545455	0.5	End Speed: 84.4 MPH	1437	1
0.954545454545455	0.5	End Speed: 84.2 MPH	1438	1
0.954545454545455	0.5	End Speed: 85.3 MPH	1439	1
0.954545454545455	0.5	End Speed: 84.1 MPH	1440	1
0.954545454545455	0.5	End Speed: 86.3 MPH	1441	1
0.954545454545455	0.5	End Speed: 84.5 MPH	1442	1
0.954545454545455	0.5	End Speed: 83.9 MPH	1443	1
0.954545454545455	0.5	End Speed: 84.6 MPH	1444	1
0.954545454545455	0.5	End Speed: 83.3 MPH	1445	1
0.954545454545455	0.5	End Speed: 84 MPH	1446	1
0.954545454545455	0.5	End Speed: 85.5 MPH	1447	1
0.954545454545455	0.5	End Speed: 84.2 MPH	1448	1
0.954545454545455	0.5	End Speed: 81.2 MPH	1449	1
0.954545454545455	0.5	End Speed: 84.2 MPH	1450	1
0.954545454545455	0.5	End Speed: 84.4 MPH	1451	1
0.954545454545455	0.5	End Speed: 82.7 MPH	1452	1
0.954545454545455	0.5	End Speed: 84.2 MPH	1453	1
0.954545454545455	0.5	End Speed: 78.9 MPH	1454	1
0.954545454545455	0.5	End Speed: 81 MPH	1455	1
0.954545454545455	0.5	End Speed: 85.4 MPH	1456	1
0.954545454545455	0.5	End Speed: 82.1 MPH	1457	1
0.954545454545455	0.5	End Speed: 85.5 MPH	1458	1
0.954545454545455	0.5	End Speed: 82.6 MPH	1459	1
0.954545454545455	0.5	End Speed: 85.5 MPH	1460	1
0.954545454545455	0.5	End Speed: 84.8 MPH	1461	1
0.954545454545455	0.5	End Speed: 84.4 MPH	1462	1
0.954545454545455	0.5	End Speed: 83.4 MPH	1463	1
0.954545454545455	0.5	End Speed: 82.8 MPH	1464	1
0.954545454545455	0.5	End Speed: 83.2 MPH	1465	1
0.954545454545455	0.5	End Speed: 84.8 MPH	1466	1
0.954545454545455	0.5	End Speed: 84.3 MPH	1467	1
0.954545454545455	0.5	End Speed: 81 MPH	1468	1
0.954545454545455	0.5	End Speed: 84.7 MPH	1469	1
0.954545454545455	0.5	End Speed: 84 MPH	1470	1
0.954545454545455	0.5	End Speed: 83.7 MPH	1471	1
0.954545454545455	0.5	End Speed: 81.1 MPH	1472	1
0.954545454545455	0.5	End Speed: 84.4 MPH	1473	1
0.954545454545455	0.5	End Speed: 81.4 MPH	1474	1
0.954545454545455	0.5	End Speed: 80.3 MPH	1475	1
0.954545454545455	0.5	End Speed: 79.1 MPH	1476	1
0.954545454545455	0.5	End Speed: 85.7 MPH	1477	1
0.954545454545455	0.5	End Speed: 85.5 MPH	1478	1
0.954545454545455	0.5	End Speed: 82.6 MPH	1479	1
0.954545454545455	0.5	End Speed: 85.6 MPH	1480	1
0.954545454545455	0.5	End Speed: 85.7 MPH	1481	1
0.954545454545455	0.5	End Speed: 81.5 MPH	1482	1
0.954545454545455	0.5	End Speed: 85 MPH	1483	1
0.954545454545455	0.5	End Speed: 85.1 MPH	1484	1
0.954545454545455	0.5	End Speed: 81.8 MPH	1485	1
0.954545454545455	0.5	End Speed: 85.1 MPH	1486	1
0.954545454545455	0.5	End Speed: 85.6 MPH	1487	1
0.954545454545455	0.5	End Speed: 84.9 MPH	1488	1
0.954545454545455	0.5	End Speed: 85.6 MPH	1489	1
0.954545454545455	0.5	End Speed: 84.9 MPH	1490	1
0.954545454545455	0.5	End Speed: 85.2 MPH	1491	1
0.954545454545455	0.5	End Speed: 83.3 MPH	1492	1
0.954545454545455	0.5	End Speed: 82.7 MPH	1493	1
0.954545454545455	0.5	End Speed: 83 MPH	1494	1
0.954545454545455	0.5	End Speed: 84.9 MPH	1495	1
0.954545454545455	0.5	End Speed: 86.3 MPH	1496	1
0.954545454545455	0.5	End Speed: 86.2 MPH	1497	1
0.954545454545455	0.5	End Speed: 86.6 MPH	1498	1
0.954545454545455	0.5	End Speed: 84.2 MPH	1499	1
0.954545454545455	0.5	End Speed: 84 MPH	1500	1
0.954545454545455	0.5	End Speed: 83.3 MPH	1501	1
0.954545454545455	0.5	End Speed: 86.2 MPH	1502	1
0.954545454545455	0.5	End Speed: 85.5 MPH	1503	1
0.954545454545455	0.5	End Speed: 86.1 MPH	1504	1
0.954545454545455	0.5	End Speed: 86.6 MPH	1505	1
0.954545454545455	0.5	End Speed: 84.5 MPH	1506	1
0.954545454545455	0.5	End Speed: 84.1 MPH	1507	1
0.954545454545455	0.5	End Speed: 84.9 MPH	1508	1
0.954545454545455	0.5	End Speed: 84.7 MPH	1509	1
0.954545454545455	0.5	End Speed: 85.3 MPH	1510	1
0.954545454545455	0.5	End Speed: 82.1 MPH	1511	1
0.954545454545455	0.5	End Speed: 81.5 MPH	1512	1
0.954545454545455	0.5	End Speed: 85.7 MPH	1513	1
0.954545454545455	0.5	End Speed: 85.3 MPH	1514	1
0.954545454545455	0.5	End Speed: 85.4 MPH	1515	1
0.954545454545455	0.5	End Speed: 81.7 MPH	1516	1
0.954545454545455	0.5	End Speed: 84.7 MPH	1517	1
0.954545454545455	0.5	End Speed: 81.4 MPH	1518	1
0.954545454545455	0.5	End Speed: 81.8 MPH	1519	1
0.954545454545455	0.5	End Speed: 85.5 MPH	1520	1
0.954545454545455	0.5	End Speed: 82.2 MPH	1521	1
0.954545454545455	0.5	End Speed: 87 MPH	1522	1
0.954545454545455	0.5	End Speed: 84.2 MPH	1523	1
0.954545454545455	0.5	End Speed: 84.9 MPH	1524	1
0.954545454545455	0.5	End Speed: 85.7 MPH	1525	1
0.954545454545455	0.5	End Speed: 85.6 MPH	1526	1
0.954545454545455	0.5	End Speed: 84.9 MPH	1527	1
0.954545454545455	0.5	End Speed: 85 MPH	1528	1
0.954545454545455	0.5	End Speed: 86.3 MPH	1529	1
0.954545454545455	0.5	End Speed: 82.1 MPH	1530	1
0.954545454545455	0.5	End Speed: 81.7 MPH	1531	1
0.954545454545455	0.5	End Speed: 83.6 MPH	1532	1
0.954545454545455	0.5	End Speed: 82.5 MPH	1533	1
0.954545454545455	0.5	End Speed: 83.8 MPH	1534	1
0.954545454545455	0.5	End Speed: 84.5 MPH	1535	1
0.954545454545455	0.5	End Speed: 83.7 MPH	1536	1
0.954545454545455	0.5	End Speed: 84 MPH	1537	1
0.954545454545455	0.5	End Speed: 80 MPH	1538	1
0.954545454545455	0.5	End Speed: 82.4 MPH	1539	1
0.954545454545455	0.5	End Speed: 81.5 MPH	1540	1
0.954545454545455	0.5	End Speed: 85.3 MPH	1541	1
0.954545454545455	0.5	End Speed: 80.7 MPH	1542	1
0.954545454545455	0.5	End Speed: 81.4 MPH	1543	1
0.954545454545455	0.5	End Speed: 83.7 MPH	1544	1
0.954545454545455	0.5	End Speed: 84.4 MPH	1545	1
0.954545454545455	0.5	End Speed: 84.4 MPH	1546	1
0.954545454545455	0.5	End Speed: 84.4 MPH	1547	1
0.954545454545455	0.5	End Speed: 84.7 MPH	1548	1
0.954545454545455	0.5	End Speed: 85.5 MPH	1549	1
0.954545454545455	0.5	End Speed: 85.1 MPH	1550	1
0.954545454545455	0.5	End Speed: 84.6 MPH	1551	1
0.954545454545455	0.5	End Speed: 82.5 MPH	1552	1
0.954545454545455	0.5	End Speed: 84.9 MPH	1553	1
0.954545454545455	0.5	End Speed: 81.4 MPH	1554	1
0.954545454545455	0.5	End Speed: 84.2 MPH	1555	1
0.954545454545455	0.5	End Speed: 84.2 MPH	1556	1
0.954545454545455	0.5	End Speed: 84.5 MPH	1557	1
0.954545454545455	0.5	End Speed: 82.5 MPH	1558	1
0.954545454545455	0.5	End Speed: 82.8 MPH	1559	1
0.954545454545455	0.5	End Speed: 83.3 MPH	1560	1
0.954545454545455	0.5	End Speed: 82.8 MPH	1561	1
0.954545454545455	0.5	End Speed: 83.1 MPH	1562	1
0.954545454545455	0.5	End Speed: 84.2 MPH	1563	1
0.954545454545455	0.5	End Speed: 82.4 MPH	1564	1
0.954545454545455	0.5	End Speed: 84.2 MPH	1565	1
0.954545454545455	0.5	End Speed: 84.5 MPH	1566	1
0.954545454545455	0.5	End Speed: 84.6 MPH	1567	1
0.954545454545455	0.5	End Speed: 82.9 MPH	1568	1
0.954545454545455	0.5	End Speed: 84.6 MPH	1569	1
0.954545454545455	0.5	End Speed: 85.1 MPH	1570	1
0.954545454545455	0.5	End Speed: 85.6 MPH	1571	1
0.954545454545455	0.5	End Speed: 86.2 MPH	1572	1
0.954545454545455	0.5	End Speed: 86.9 MPH	1573	1
0.954545454545455	0.5	End Speed: 82.8 MPH	1574	1
0.954545454545455	0.5	End Speed: 84.6 MPH	1575	1
0.954545454545455	0.5	End Speed: 84.2 MPH	1576	1
0.954545454545455	0.5	End Speed: 83.3 MPH	1577	1
0.954545454545455	0.5	End Speed: 83 MPH	1578	1
0.954545454545455	0.5	End Speed: 82.7 MPH	1579	1
0.954545454545455	0.5	End Speed: 85.1 MPH	1580	1
0.954545454545455	0.5	End Speed: 84.4 MPH	1581	1
0.954545454545455	0.5	End Speed: 84.9 MPH	1582	1
0.954545454545455	0.5	End Speed: 84 MPH	1583	1
0.954545454545455	0.5	End Speed: 83.3 MPH	1584	1
0.954545454545455	0.5	End Speed: 84.9 MPH	1585	1
0.954545454545455	0.5	End Speed: 84.8 MPH	1586	1
0.954545454545455	0.5	End Speed: 83.5 MPH	1587	1
0.954545454545455	0.5	End Speed: 83.6 MPH	1588	1
0.954545454545455	0.5	End Speed: 84.8 MPH	1589	1
0.954545454545455	0.5	End Speed: 84.3 MPH	1590	1
0.954545454545455	0.5	End Speed: 84.4 MPH	1591	1
0.954545454545455	0.5	End Speed: 85.1 MPH	1592	1
0.954545454545455	0.5	End Speed: 82 MPH	1593	1
0.954545454545455	0.5	End Speed: 82.4 MPH	1594	1
0.954545454545455	0.5	End Speed: 82 MPH	1595	1
0.954545454545455	0.5	End Speed: 75.5 MPH	1596	1
0.954545454545455	0.5	End Speed: 84.5 MPH	1597	1
0.954545454545455	0.5	End Speed: 83.7 MPH	1598	1
0.954545454545455	0.5	End Speed: 83.6 MPH	1599	1
0.954545454545455	0.5	End Speed: 84.9 MPH	1600	1
0.954545454545455	0.5	End Speed: 85.7 MPH	1601	1
0.954545454545455	0.5	End Speed: 83.8 MPH	1602	1
0.954545454545455	0.5	End Speed: 85.7 MPH	1603	1
0.954545454545455	0.5	End Speed: 80.3 MPH	1604	1
0.954545454545455	0.5	End Speed: 83.3 MPH	1605	1
0.954545454545455	0.5	End Speed: 83.6 MPH	1606	1
0.954545454545455	0.5	End Speed: 83.8 MPH	1607	1
0.954545454545455	0.5	End Speed: 84.1 MPH	1608	1
0.954545454545455	0.5	End Speed: 83.9 MPH	1609	1
0.954545454545455	0.5	End Speed: 84.1 MPH	1610	1
0.954545454545455	0.5	End Speed: 83.6 MPH	1611	1
0.954545454545455	0.5	End Speed: 83.5 MPH	1612	1
0.954545454545455	0.5	End Speed: 83.7 MPH	1613	1
0.954545454545455	0.5	End Speed: 85.3 MPH	1614	1
0.954545454545455	0.5	End Speed: 83.6 MPH	1615	1
0.954545454545455	0.5	End Speed: 84.2 MPH	1616	1
0.954545454545455	0.5	End Speed: 85.8 MPH	1617	1
0.954545454545455	0.5	End Speed: 86.6 MPH	1618	1
0.954545454545455	0.5	End Speed: 84 MPH	1619	1
0.954545454545455	0.5	End Speed: 84.9 MPH	1620	1
0.954545454545455	0.5	End Speed: 83 MPH	1621	1
0.954545454545455	0.5	End Speed: 80.1 MPH	1622	1
0.954545454545455	0.5	End Speed: 81.8 MPH	1623	1
0.954545454545455	0.5	End Speed: 77.8 MPH	1624	1
0.954545454545455	0.5	End Speed: 82 MPH	1625	1
0.954545454545455	0.5	End Speed: 82.4 MPH	1626	1
0.954545454545455	0.5	End Speed: 83.5 MPH	1627	1
0.954545454545455	0.5	End Speed: 82.2 MPH	1628	1
0.954545454545455	0.5	End Speed: 84.4 MPH	1629	1
0.954545454545455	0.5	End Speed: 83.3 MPH	1630	1
0.954545454545455	0.5	End Speed: 83.5 MPH	1631	1
0.954545454545455	0.5	End Speed: 85 MPH	1632	1
0.954545454545455	0.5	End Speed: 85.2 MPH	1633	1
0.954545454545455	0.5	End Speed: 85.6 MPH	1634	1
0.954545454545455	0.5	End Speed: 83.3 MPH	1635	1
0.954545454545455	0.5	End Speed: 84.2 MPH	1636	1
0.954545454545455	0.5	End Speed: 83.3 MPH	1637	1
0.954545454545455	0.5	End Speed: 81.4 MPH	1638	1
0.954545454545455	0.5	End Speed: 80.7 MPH	1639	1
0.954545454545455	0.5	End Speed: 82.8 MPH	1640	1
0.954545454545455	0.5	End Speed: 83.3 MPH	1641	1
0.954545454545455	0.5	End Speed: 81.6 MPH	1642	1
0.954545454545455	0.5	End Speed: 81.9 MPH	1643	1
0.954545454545455	0.5	End Speed: 80.4 MPH	1644	1
0.954545454545455	0.5	End Speed: 80.5 MPH	1645	1
0.954545454545455	0.5	End Speed: 81 MPH	1646	1
0.954545454545455	0.5	End Speed: 81.6 MPH	1647	1
0.954545454545455	0.5	End Speed: 82.1 MPH	1648	1
0.954545454545455	0.5	End Speed: 82.5 MPH	1649	1
0.954545454545455	0.5	End Speed: 84.9 MPH	1650	1
0.954545454545455	0.5	End Speed: 80.2 MPH	1651	1
0.954545454545455	0.5	End Speed: 84.5 MPH	1652	1
0.954545454545455	0.5	End Speed: 82.6 MPH	1653	1
0.954545454545455	0.5	End Speed: 83.1 MPH	1654	1
0.954545454545455	0.5	End Speed: 84 MPH	1655	1
0.954545454545455	0.5	End Speed: 82.8 MPH	1656	1
0.954545454545455	0.5	End Speed: 84.8 MPH	1657	1
0.954545454545455	0.5	End Speed: 83.6 MPH	1658	1
0.954545454545455	0.5	End Speed: 83.6 MPH	1659	1
0.954545454545455	0.5	End Speed: 82.8 MPH	1660	1
0.954545454545455	0.5	End Speed: 82.4 MPH	1661	1
0.954545454545455	0.5	End Speed: 82.9 MPH	1662	1
0.954545454545455	0.5	End Speed: 83.9 MPH	1663	1
0.954545454545455	0.5	End Speed: 82.4 MPH	1664	1
0.954545454545455	0.5	End Speed: 82.5 MPH	1665	1
0.954545454545455	0.5	End Speed: 83.2 MPH	1666	1
0.954545454545455	0.5	End Speed: 83.6 MPH	1667	1
0.954545454545455	0.5	End Speed: 83.1 MPH	1668	1
0.954545454545455	0.5	End Speed: 83.5 MPH	1669	1
0.954545454545455	0.5	End Speed: 84.2 MPH	1670	1
0.954545454545455	0.5	End Speed: 85.7 MPH	1671	1
0.954545454545455	0.5	End Speed: 82.3 MPH	1672	1
0.954545454545455	0.5	End Speed: 82.1 MPH	1673	1
0.954545454545455	0.5	End Speed: 82.4 MPH	1674	1
0.954545454545455	0.5	End Speed: 82.6 MPH	1675	1
0.954545454545455	0.5	End Speed: 82.4 MPH	1676	1
0.954545454545455	0.5	End Speed: 84.1 MPH	1677	1
0.954545454545455	0.5	End Speed: 83.9 MPH	1678	1
0.954545454545455	0.5	End Speed: 82.5 MPH	1679	1
0.954545454545455	0.5	End Speed: 83.3 MPH	1680	1
0.954545454545455	0.5	End Speed: 82.2 MPH	1681	1
0.954545454545455	0.5	End Speed: 83.8 MPH	1682	1
0.954545454545455	0.5	End Speed: 83.1 MPH	1683	1
0.954545454545455	0.5	End Speed: 83.7 MPH	1684	1
0.954545454545455	0.5	End Speed: 83.3 MPH	1685	1
0.954545454545455	0.5	End Speed: 83.8 MPH	1686	1
0.954545454545455	0.5	End Speed: 84.1 MPH	1687	1
0.954545454545455	0.5	End Speed: 83.5 MPH	1688	1
0.954545454545455	0.5	End Speed: 81 MPH	1689	1
0.954545454545455	0.5	End Speed: 79.5 MPH	1690	1
0.954545454545455	0.5	End Speed: 83 MPH	1691	1
0.954545454545455	0.5	End Speed: 82.6 MPH	1692	1
0.954545454545455	0.5	End Speed: 83.7 MPH	1693	1
0.954545454545455	0.5	End Speed: 83 MPH	1694	1
0.954545454545455	0.5	End Speed: 83.7 MPH	1695	1
0.954545454545455	0.5	End Speed: 82.7 MPH	1696	1
0.954545454545455	0.5	End Speed: 81.4 MPH	1697	1
0.954545454545455	0.5	End Speed: 84.4 MPH	1698	1
0.954545454545455	0.5	End Speed: 84.5 MPH	1699	1
0.954545454545455	0.5	End Speed: 84 MPH	1700	1
0.954545454545455	0.5	End Speed: 82.8 MPH	1701	1
0.954545454545455	0.5	End Speed: 83.4 MPH	1702	1
0.954545454545455	0.5	End Speed: 84.6 MPH	1703	1
0.954545454545455	0.5	End Speed: 83.6 MPH	1704	1
0.954545454545455	0.5	End Speed: 83.9 MPH	1705	1
0.954545454545455	0.5	End Speed: 83.8 MPH	1706	1
0.954545454545455	0.5	End Speed: 84.2 MPH	1707	1
0.954545454545455	0.5	End Speed: 83.3 MPH	1708	1
0.954545454545455	0.5	End Speed: 83.4 MPH	1709	1
0.954545454545455	0.5	End Speed: 83.4 MPH	1710	1
0.954545454545455	0.5	End Speed: 80.7 MPH	1711	1
0.954545454545455	0.5	End Speed: 81.3 MPH	1712	1
0.954545454545455	0.5	End Speed: 83.8 MPH	1713	1
0.954545454545455	0.5	End Speed: 85.3 MPH	1714	1
0.954545454545455	0.5	End Speed: 84.1 MPH	1715	1
0.954545454545455	0.5	End Speed: 83.4 MPH	1716	1
0.954545454545455	0.5	End Speed: 86.4 MPH	1717	1
0.954545454545455	0.5	End Speed: 83.8 MPH	1718	1
0.954545454545455	0.5	End Speed: 83.5 MPH	1719	1
0.954545454545455	0.5	End Speed: 83.5 MPH	1720	1
0.954545454545455	0.5	End Speed: 83.4 MPH	1721	1
0.954545454545455	0.5	End Speed: 83.5 MPH	1722	1
0.954545454545455	0.5	End Speed: 81.9 MPH	1723	1
0.954545454545455	0.5	End Speed: 80.9 MPH	1724	1
0.954545454545455	0.5	End Speed: 83 MPH	1725	1
0.954545454545455	0.5	End Speed: 83.5 MPH	1726	1
0.954545454545455	0.5	End Speed: 82.5 MPH	1727	1
0.954545454545455	0.5	End Speed: 83.1 MPH	1728	1
0.954545454545455	0.5	End Speed: 84 MPH	1729	1
0.954545454545455	0.5	End Speed: 83.4 MPH	1730	1
0.954545454545455	0.5	End Speed: 83.6 MPH	1731	1
0.954545454545455	0.5	End Speed: 83.9 MPH	1732	1
0.954545454545455	0.5	End Speed: 83.6 MPH	1733	1
0.954545454545455	0.5	End Speed: 83.9 MPH	1734	1
0.954545454545455	0.5	End Speed: 84.2 MPH	1735	1
0.954545454545455	0.5	End Speed: 82.7 MPH	1736	1
0.954545454545455	0.5	End Speed: 86.3 MPH	1737	1
0.954545454545455	0.5	End Speed: 83 MPH	1738	1
0.954545454545455	0.5	End Speed: 84.8 MPH	1739	1
0.954545454545455	0.5	End Speed: 82.1 MPH	1740	1
0.954545454545455	0.5	End Speed: 82.7 MPH	1741	1
0.954545454545455	0.5	End Speed: 82.9 MPH	1742	1
0.954545454545455	0.5	End Speed: 81.9 MPH	1743	1
0.954545454545455	0.5	End Speed: 82.9 MPH	1744	1
0.954545454545455	0.5	End Speed: 79.9 MPH	1745	1
0.954545454545455	0.5	End Speed: 82.8 MPH	1746	1
0.954545454545455	0.5	End Speed: 83.6 MPH	1747	1
0.954545454545455	0.5	End Speed: 83.5 MPH	1748	1
0.954545454545455	0.5	End Speed: 83.6 MPH	1749	1
0.954545454545455	0.5	End Speed: 82.5 MPH	1750	1
0.954545454545455	0.5	End Speed: 81.4 MPH	1751	1
0.954545454545455	0.5	End Speed: 83.5 MPH	1752	1
0.954545454545455	0.5	End Speed: 83.6 MPH	1753	1
0.954545454545455	0.5	End Speed: 84.1 MPH	1754	1
0.954545454545455	0.5	End Speed: 83 MPH	1755	1
0.954545454545455	0.5	End Speed: 84.5 MPH	1756	1
0.954545454545455	0.5	End Speed: 84.3 MPH	1757	1
0.954545454545455	0.5	End Speed: 85.2 MPH	1758	1
0.954545454545455	0.5	End Speed: 82.5 MPH	1759	1
0.954545454545455	0.5	End Speed: 82.2 MPH	1760	1
0.954545454545455	0.5	End Speed: 81.6 MPH	1761	1
0.954545454545455	0.5	End Speed: 82.9 MPH	1762	1
0.954545454545455	0.5	End Speed: 83.9 MPH	1763	1
0.954545454545455	0.5	End Speed: 84.2 MPH	1764	1
0.954545454545455	0.5	End Speed: 83.1 MPH	1765	1
0.954545454545455	0.5	End Speed: 84.7 MPH	1766	1
0.954545454545455	0.5	End Speed: 83.1 MPH	1767	1
0.954545454545455	0.5	End Speed: 83.5 MPH	1768	1
0.954545454545455	0.5	End Speed: 83 MPH	1769	1
0.954545454545455	0.5	End Speed: 83.2 MPH	1770	1
0.954545454545455	0.5	End Speed: 82.4 MPH	1771	1
0.954545454545455	0.5	End Speed: 83.8 MPH	1772	1
0.954545454545455	0.5	End Speed: 83.9 MPH	1773	1
0.954545454545455	0.5	End Speed: 83.3 MPH	1774	1
0.954545454545455	0.5	End Speed: 82.6 MPH	1775	1
0.954545454545455	0.5	End Speed: 80.5 MPH	1776	1
0.954545454545455	0.5	End Speed: 83 MPH	1777	1
0.954545454545455	0.5	End Speed: 82.9 MPH	1778	1
0.954545454545455	0.5	End Speed: 82.8 MPH	1779	1
0.954545454545455	0.5	End Speed: 81.9 MPH	1780	1
0.954545454545455	0.5	End Speed: 82.3 MPH	1781	1
0.954545454545455	0.5	End Speed: 84 MPH	1782	1
0.954545454545455	0.5	End Speed: 83.5 MPH	1783	1
0.954545454545455	0.5	End Speed: 83.8 MPH	1784	1
0.954545454545455	0.5	End Speed: 84.1 MPH	1785	1
0.954545454545455	0.5	End Speed: 84.3 MPH	1786	1
0.954545454545455	0.5	End Speed: 83.6 MPH	1787	1
0.954545454545455	0.5	End Speed: 84.8 MPH	1788	1
0.954545454545455	0.5	End Speed: 82.9 MPH	1789	1
0.954545454545455	0.5	End Speed: 83.5 MPH	1790	1
0.954545454545455	0.5	End Speed: 86.1 MPH	1791	1
0.954545454545455	0.5	End Speed: 86.6 MPH	1792	1
0.954545454545455	0.5	End Speed: 86 MPH	1793	1
0.954545454545455	0.5	End Speed: 85.7 MPH	1794	1
0.954545454545455	0.5	End Speed: 84.9 MPH	1795	1
0.954545454545455	0.5	End Speed: 79.2 MPH	1796	1
0.954545454545455	0.5	End Speed: 84.4 MPH	1797	1
0.954545454545455	0.5	End Speed: 84.2 MPH	1798	1
0.954545454545455	0.5	End Speed: 85 MPH	1799	1
0.954545454545455	0.5	End Speed: 85.9 MPH	1800	1
0.954545454545455	0.5	End Speed: 86.4 MPH	1801	1
0.954545454545455	0.5	End Speed: 86 MPH	1802	1
0.954545454545455	0.5	End Speed: 86.3 MPH	1803	1
0.954545454545455	0.5	End Speed: 85.1 MPH	1804	1
0.954545454545455	0.5	End Speed: 85.3 MPH	1805	1
0.954545454545455	0.5	End Speed: 86.1 MPH	1806	1
0.954545454545455	0.5	End Speed: 86.1 MPH	1807	1
0.954545454545455	0.5	End Speed: 86.7 MPH	1808	1
0.954545454545455	0.5	End Speed: 85.3 MPH	1809	1
0.954545454545455	0.5	End Speed: 79.3 MPH	1810	1
0.954545454545455	0.5	End Speed: 86.2 MPH	1811	1
0.954545454545455	0.5	End Speed: 83.7 MPH	1812	1
0.954545454545455	0.5	End Speed: 83.4 MPH	1813	1
0.954545454545455	0.5	End Speed: 85.3 MPH	1814	1
0.954545454545455	0.5	End Speed: 84.6 MPH	1815	1
0.954545454545455	0.5	End Speed: 84.4 MPH	1816	1
0.954545454545455	0.5	End Speed: 85 MPH	1817	1
0.954545454545455	0.5	End Speed: 86.4 MPH	1818	1
0.954545454545455	0.5	End Speed: 86.2 MPH	1819	1
0.954545454545455	0.5	End Speed: 86.8 MPH	1820	1
0.954545454545455	0.5	End Speed: 86.8 MPH	1821	1
0.954545454545455	0.5	End Speed: 85.9 MPH	1822	1
0.954545454545455	0.5	End Speed: 85.7 MPH	1823	1
0.954545454545455	0.5	End Speed: 81.6 MPH	1824	1
0.954545454545455	0.5	End Speed: 88.4 MPH	1825	1
0.954545454545455	0.5	End Speed: 85.8 MPH	1826	1
0.954545454545455	0.5	End Speed: 86.3 MPH	1827	1
0.954545454545455	0.5	End Speed: 86.3 MPH	1828	1
0.954545454545455	0.5	End Speed: 86.5 MPH	1829	1
0.954545454545455	0.5	End Speed: 85.7 MPH	1830	1
0.954545454545455	0.5	End Speed: 86.8 MPH	1831	1
0.954545454545455	0.5	End Speed: 85.8 MPH	1832	1
0.954545454545455	0.5	End Speed: 83.9 MPH	1833	1
0.954545454545455	0.5	End Speed: 83.9 MPH	1834	1
0.954545454545455	0.5	End Speed: 80.7 MPH	1835	1
0.954545454545455	0.5	End Speed: 81.1 MPH	1836	1
0.954545454545455	0.5	End Speed: 85.3 MPH	1837	1
0.954545454545455	0.5	End Speed: 85.1 MPH	1838	1
0.954545454545455	0.5	End Speed: 80.1 MPH	1839	1
0.954545454545455	0.5	End Speed: 84.9 MPH	1840	1
0.954545454545455	0.5	End Speed: 85 MPH	1841	1
0.954545454545455	0.5	End Speed: 84.7 MPH	1842	1
0.954545454545455	0.5	End Speed: 83.5 MPH	1843	1
0.954545454545455	0.5	End Speed: 83.5 MPH	1844	1
0.954545454545455	0.5	End Speed: 84.6 MPH	1845	1
0.954545454545455	0.5	End Speed: 85.4 MPH	1846	1
0.954545454545455	0.5	End Speed: 84.7 MPH	1847	1
0.954545454545455	0.5	End Speed: 83.2 MPH	1848	1
0.954545454545455	0.5	End Speed: 84.3 MPH	1849	1
0.954545454545455	0.5	End Speed: 84.4 MPH	1850	1
0.954545454545455	0.5	End Speed: 86.8 MPH	1851	1
0.954545454545455	0.5	End Speed: 86.7 MPH	1852	1
0.954545454545455	0.5	End Speed: 86.7 MPH	1853	1
0.954545454545455	0.5	End Speed: 83.3 MPH	1854	1
0.954545454545455	0.5	End Speed: 84.9 MPH	1855	1
0.954545454545455	0.5	End Speed: 86.3 MPH	1856	1
0.954545454545455	0.5	End Speed: 85.4 MPH	1857	1
0.954545454545455	0.5	End Speed: 84.5 MPH	1858	1
